0.00,0.00,na,rgx:(?:[a-z0-9!#$%&'*+\/=?^_`{|},,{9,6.26}
0.00,0.00,na,-]+)*|"(?:[\x01-\x08\x0b\x0c\x0e-\x1f\x21\x23-\x5b\x5d-\x7f]|\\[\x01-\x09\x0b\x0c\x0e-\x7f])*")@(?:(?:[a-z0-9](?:[a-z0-9-]*[a-z0-9])?\.)+[a-z0-9](?:[a-z0-9-]*[a-z0-9])?|\[(?:(?:25[0-5]|2[0-4][0-9]|[01]?[0-9][0-9]?)\.){3}(?:25[0-5]|2[0-4][0-9]|[01]?[0-9][0-9]?|[a-z0-9-]*[a-z0-9]:(?:[\x01-\x08\x0b\x0c\x0e-\x1f\x21-\x5a\x53-\x7f]|\\[\x01-\x09\x0b\x0c\x0e-\x7f])+)\]),,{9,6.26}
0.00,0.00,na,rgx:^(?=.*?[0-9])(?=.*?[A-Za-z]).{8:32}$,,{9,6.26}
0.00,0.00,na, |unknown--entity--,,{9,6.26}
1.00,50.00,[Topic=rtms-stream-mylogs][MessageFound=(am_unix(sshd:auth): authentication failure logname= uid=0 euid)][UserSearch=(authentication failure)];[Topic=rtms-stream-mylogs][MessageFound=(am_unix(sshd:auth): authentication failure logname= uid=0 euid)][UserSearch=(authentication failure)];[Topic=rtms-stream-mylogs][MessageFound=(am_unix(sshd:auth): authentication failure logname= uid=0 euid)][UserSearch=(authentication failure)];[Topic=rtms-stream-mylogs][MessageFound=(am_unix(sshd:auth): authentication failure logname= uid=0 euid)][UserSearch=(authentication failure)];[Topic=rtms-stream-mylogs][MessageFound=(am_unix(sshd:auth): authentication failure logname= uid=0 euid)][UserSearch=(authentication failure)];[Topic=rtms-stream-mylogs][MessageFound=(am_unix(sshd:auth): authentication failure logname= uid=0 euid)][UserSearch=(authentication failure)];[Topic=rtms-stream-mylogs][MessageFound=(am_unix(sshd:auth): authentication failure logname= uid=0 euid)][UserSearch=(authentication failure)];[Topic=rtms-stream-mylogs][MessageFound=(authentication failure logname= uid=0 euid)][UserSearch=(authentication failure)];[Topic=rtms-stream-mylogs][MessageFound=(am_unix(sshd:auth): authentication failure logname= uid=0 euid)][UserSearch=(authentication failure)];[Topic=rtms-stream-mylogs][MessageFound=(am_unix(sshd:auth): authentication failure logname= uid=0 euid)][UserSearch=(authentication failure)];[Topic=rtms-stream-mylogs][MessageFound=(am_unix(sshd:auth): authentication failure logname= uid=0 euid)][UserSearch=(authentication failure)];[Topic=rtms-stream-mylogs][MessageFound=(am_unix(sshd:auth): authentication failure logname= uid=0 euid)][UserSearch=(authentication failure)];[Topic=rtms-stream-mylogs][MessageFound=(onnecting: too many authentication failures for admin preauth)][UserSearch=(authentication failure)];[Topic=rtms-stream-mylogs][MessageFound=(am_unix(sshd:auth): authentication failure logname= uid=0 euid)][UserSearch=(authentication failure)];[Topic=rtms-stream-mylogs][MessageFound=(am_unix(sshd:auth): authentication failure logname= uid=0 euid)][UserSearch=(authentication failure)];[Topic=rtms-stream-mylogs][MessageFound=(am_unix(sshd:auth): authentication failure logname= uid=0 euid)][UserSearch=(authentication failure)];[Topic=rtms-stream-mylogs][MessageFound=(am_unix(sshd:auth): authentication failure logname= uid=0 euid)][UserSearch=(authentication failure)];[Topic=rtms-stream-mylogs][MessageFound=(am_unix(sshd:auth): authentication failure logname= uid=0 euid)][UserSearch=(authentication failure)];[Topic=rtms-stream-mylogs][MessageFound=(am_unix(sshd:auth): authentication failure logname= uid=0 euid)][UserSearch=(authentication failure)];[Topic=rtms-stream-mylogs][MessageFound=(am_unix(sshd:auth): authentication failure logname= uid=0 euid)][UserSearch=(authentication failure)];[Topic=rtms-stream-mylogs][MessageFound=(am_unix(sshd:auth): authentication failure logname= uid=0 euid)][UserSearch=(authentication failure)];[Topic=rtms-stream-mylogs][MessageFound=(am_unix(sshd:auth): authentication failure logname= uid=0 euid)][UserSearch=(authentication failure)];[Topic=rtms-stream-mylogs][MessageFound=(am_unix(sshd:auth): authentication failure logname= uid=0 euid)][UserSearch=(authentication failure)];[Topic=rtms-stream-mylogs][MessageFound=(am_unix(sshd:auth): authentication failure logname= uid=0 euid)][UserSearch=(authentication failure)];[Topic=rtms-stream-mylogs][MessageFound=(am_unix(sshd:auth): authentication failure logname= uid=0 euid)][UserSearch=(authentication failure)];[Topic=rtms-stream-mylogs][MessageFound=(am_unix(sshd:auth): authentication failure logname= uid=0 euid)][UserSearch=(authentication failure)];[Topic=rtms-stream-mylogs][MessageFound=(am_unix(sshd:auth): authentication failure logname= uid=0 euid)][UserSearch=(authentication failure)];[Topic=rtms-stream-mylogs][MessageFound=(am_unix(sshd:auth): authentication failure logname= uid=0 euid)][UserSearch=(authentication failure)];[Topic=rtms-stream-mylogs][MessageFound=(am_unix(sshd:auth): authentication failure logname= uid=0 euid)][UserSearch=(authentication failure)];[Topic=rtms-stream-mylogs][MessageFound=(am_unix(sshd:auth): authentication failure logname= uid=0 euid)][UserSearch=(authentication failure)];[Topic=rtms-stream-mylogs][MessageFound=(am_unix(sshd:auth): authentication failure logname= uid=0 euid)][UserSearch=(authentication failure)];[Topic=rtms-stream-mylogs][MessageFound=(am_unix(sshd:auth): authentication failure logname= uid=0 euid)][UserSearch=(authentication failure)];[Topic=rtms-stream-mylogs][MessageFound=(am_unix(sshd:auth): authentication failure logname= uid=0 euid)][UserSearch=(authentication failure)];[Topic=rtms-stream-mylogs][MessageFound=(am_unix(sshd:auth): authentication failure logname= uid=0 euid)][UserSearch=(authentication failure)];[Topic=rtms-stream-mylogs][MessageFound=(am_unix(sshd:auth): authentication failure logname= uid=0 euid)][UserSearch=(authentication failure)];[Topic=rtms-stream-mylogs][MessageFound=(am_unix(sshd:auth): authentication failure logname= uid=0 euid)][UserSearch=(authentication failure)];[Topic=rtms-stream-mylogs][MessageFound=(am_unix(sshd:auth): authentication failure logname= uid=0 euid)][UserSearch=(authentication failure)];[Topic=rtms-stream-mylogs][MessageFound=(am_unix(sshd:auth): authentication failure logname= uid=0 euid)][UserSearch=(authentication failure)];[Topic=rtms-stream-mylogs][MessageFound=(am_unix(sshd:auth): authentication failure logname= uid=0 euid)][UserSearch=(authentication failure)];[Topic=rtms-stream-mylogs][MessageFound=(am_unix(sshd:auth): authentication failure logname= uid=0 euid)][UserSearch=(authentication failure)];[Topic=rtms-stream-mylogs][MessageFound=(am_unix(sshd:auth): authentication failure logname= uid=0 euid)][UserSearch=(authentication failure)];[Topic=rtms-stream-mylogs][MessageFound=(am_unix(sshd:auth): authentication failure logname= uid=0 euid)][UserSearch=(authentication failure)];[Topic=rtms-stream-mylogs][MessageFound=(am_unix(sshd:auth): authentication failure logname= uid=0 euid)][UserSearch=(authentication failure)];[Topic=rtms-stream-mylogs][MessageFound=(am_unix(sshd:auth): authentication failure logname= uid=0 euid)][UserSearch=(authentication failure)];[Topic=rtms-stream-mylogs][MessageFound=(am_unix(sshd:auth): authentication failure logname= uid=0 euid)][UserSearch=(authentication failure)];[Topic=rtms-stream-mylogs][MessageFound=(am_unix(sshd:auth): authentication failure logname= uid=0 euid)][UserSearch=(authentication failure)];[Topic=rtms-stream-mylogs][MessageFound=(am_unix(sshd:auth): authentication failure logname= uid=0 euid)][UserSearch=(authentication failure)];[Topic=rtms-stream-mylogs][MessageFound=(am_unix(sshd:auth): authentication failure logname= uid=0 euid)][UserSearch=(authentication failure)];[Topic=rtms-stream-mylogs][MessageFound=(am_unix(sshd:auth): authentication failure logname= uid=0 euid)][UserSearch=(authentication failure)];[Topic=rtms-stream-mylogs][MessageFound=(am_unix(sshd:auth): authentication failure logname= uid=0 euid)][UserSearch=(authentication failure)];, |authentication failure:--entity-- password failure ,0:233358;0:233359;0:233360;0:233361;0:233362;0:233363;0:233364;0:233365;0:233366;0:233367;0:233368;0:233369;0:233370;0:233371;0:233372;0:233373;0:233374;0:233375;0:233376;0:233377;0:233378;0:233379;0:233380;0:233381;0:233382;0:233383;0:233384;0:233385;0:233386;0:233387;0:233388;0:233389;0:233390;0:233391;0:233392;0:233393;0:233394;0:233395;0:233396;0:233397;0:233398;0:233399;0:233400;0:233401;0:233402;0:233403;0:233404;0:233405;0:233406;0:233407;,{9,6.26}
0.00,0.00,na,rgx:p([a-z]+)ch ,,{9,6.26}
0.00,0.00,na,-]+(?:\.[a-z0-9!#$%&'*+\/=?^_`{|},,{9,6.26}
0.00,0.00,na,|suspicious login attempt:ip address suspicious:unknown device:too many login attempts:address location banned,,{9,6.26}
0.00,0.00,na,rgx:^[0-9A-Za-z]{6:16}$,,{9,6.26}
0.00,0.00,na,rgx:(?:[a-z0-9!#$%&'*+\/=?^_`{|},,{9,6.26}
0.00,0.00,na, |unknown--entity--,,{9,6.26}
0.00,0.00,na,rgx:^(?=.*?[0-9])(?=.*?[A-Za-z]).{8:32}$,,{9,6.26}
0.00,0.00,na,rgx:^[0-9A-Za-z]{6:16}$,,{9,6.26}
1.00,50.00,[Topic=rtms-stream-mylogs][MessageFound=(am_unix(sshd:auth): authentication failure logname= uid=0 euid)][UserSearch=(authentication failure)];[Topic=rtms-stream-mylogs][MessageFound=(am_unix(sshd:auth): authentication failure logname= uid=0 euid)][UserSearch=(authentication failure)];[Topic=rtms-stream-mylogs][MessageFound=(am_unix(sshd:auth): authentication failure logname= uid=0 euid)][UserSearch=(authentication failure)];[Topic=rtms-stream-mylogs][MessageFound=(am_unix(sshd:auth): authentication failure logname= uid=0 euid)][UserSearch=(authentication failure)];[Topic=rtms-stream-mylogs][MessageFound=(am_unix(sshd:auth): authentication failure logname= uid=0 euid)][UserSearch=(authentication failure)];[Topic=rtms-stream-mylogs][MessageFound=(am_unix(sshd:auth): authentication failure logname= uid=0 euid)][UserSearch=(authentication failure)];[Topic=rtms-stream-mylogs][MessageFound=(am_unix(sshd:auth): authentication failure logname= uid=0 euid)][UserSearch=(authentication failure)];[Topic=rtms-stream-mylogs][MessageFound=(authentication failure logname= uid=0 euid)][UserSearch=(authentication failure)];[Topic=rtms-stream-mylogs][MessageFound=(am_unix(sshd:auth): authentication failure logname= uid=0 euid)][UserSearch=(authentication failure)];[Topic=rtms-stream-mylogs][MessageFound=(am_unix(sshd:auth): authentication failure logname= uid=0 euid)][UserSearch=(authentication failure)];[Topic=rtms-stream-mylogs][MessageFound=(am_unix(sshd:auth): authentication failure logname= uid=0 euid)][UserSearch=(authentication failure)];[Topic=rtms-stream-mylogs][MessageFound=(am_unix(sshd:auth): authentication failure logname= uid=0 euid)][UserSearch=(authentication failure)];[Topic=rtms-stream-mylogs][MessageFound=(onnecting: too many authentication failures for admin preauth)][UserSearch=(authentication failure)];[Topic=rtms-stream-mylogs][MessageFound=(am_unix(sshd:auth): authentication failure logname= uid=0 euid)][UserSearch=(authentication failure)];[Topic=rtms-stream-mylogs][MessageFound=(am_unix(sshd:auth): authentication failure logname= uid=0 euid)][UserSearch=(authentication failure)];[Topic=rtms-stream-mylogs][MessageFound=(am_unix(sshd:auth): authentication failure logname= uid=0 euid)][UserSearch=(authentication failure)];[Topic=rtms-stream-mylogs][MessageFound=(am_unix(sshd:auth): authentication failure logname= uid=0 euid)][UserSearch=(authentication failure)];[Topic=rtms-stream-mylogs][MessageFound=(am_unix(sshd:auth): authentication failure logname= uid=0 euid)][UserSearch=(authentication failure)];[Topic=rtms-stream-mylogs][MessageFound=(am_unix(sshd:auth): authentication failure logname= uid=0 euid)][UserSearch=(authentication failure)];[Topic=rtms-stream-mylogs][MessageFound=(am_unix(sshd:auth): authentication failure logname= uid=0 euid)][UserSearch=(authentication failure)];[Topic=rtms-stream-mylogs][MessageFound=(am_unix(sshd:auth): authentication failure logname= uid=0 euid)][UserSearch=(authentication failure)];[Topic=rtms-stream-mylogs][MessageFound=(am_unix(sshd:auth): authentication failure logname= uid=0 euid)][UserSearch=(authentication failure)];[Topic=rtms-stream-mylogs][MessageFound=(am_unix(sshd:auth): authentication failure logname= uid=0 euid)][UserSearch=(authentication failure)];[Topic=rtms-stream-mylogs][MessageFound=(am_unix(sshd:auth): authentication failure logname= uid=0 euid)][UserSearch=(authentication failure)];[Topic=rtms-stream-mylogs][MessageFound=(am_unix(sshd:auth): authentication failure logname= uid=0 euid)][UserSearch=(authentication failure)];[Topic=rtms-stream-mylogs][MessageFound=(am_unix(sshd:auth): authentication failure logname= uid=0 euid)][UserSearch=(authentication failure)];[Topic=rtms-stream-mylogs][MessageFound=(am_unix(sshd:auth): authentication failure logname= uid=0 euid)][UserSearch=(authentication failure)];[Topic=rtms-stream-mylogs][MessageFound=(am_unix(sshd:auth): authentication failure logname= uid=0 euid)][UserSearch=(authentication failure)];[Topic=rtms-stream-mylogs][MessageFound=(am_unix(sshd:auth): authentication failure logname= uid=0 euid)][UserSearch=(authentication failure)];[Topic=rtms-stream-mylogs][MessageFound=(am_unix(sshd:auth): authentication failure logname= uid=0 euid)][UserSearch=(authentication failure)];[Topic=rtms-stream-mylogs][MessageFound=(am_unix(sshd:auth): authentication failure logname= uid=0 euid)][UserSearch=(authentication failure)];[Topic=rtms-stream-mylogs][MessageFound=(am_unix(sshd:auth): authentication failure logname= uid=0 euid)][UserSearch=(authentication failure)];[Topic=rtms-stream-mylogs][MessageFound=(am_unix(sshd:auth): authentication failure logname= uid=0 euid)][UserSearch=(authentication failure)];[Topic=rtms-stream-mylogs][MessageFound=(am_unix(sshd:auth): authentication failure logname= uid=0 euid)][UserSearch=(authentication failure)];[Topic=rtms-stream-mylogs][MessageFound=(am_unix(sshd:auth): authentication failure logname= uid=0 euid)][UserSearch=(authentication failure)];[Topic=rtms-stream-mylogs][MessageFound=(am_unix(sshd:auth): authentication failure logname= uid=0 euid)][UserSearch=(authentication failure)];[Topic=rtms-stream-mylogs][MessageFound=(am_unix(sshd:auth): authentication failure logname= uid=0 euid)][UserSearch=(authentication failure)];[Topic=rtms-stream-mylogs][MessageFound=(am_unix(sshd:auth): authentication failure logname= uid=0 euid)][UserSearch=(authentication failure)];[Topic=rtms-stream-mylogs][MessageFound=(am_unix(sshd:auth): authentication failure logname= uid=0 euid)][UserSearch=(authentication failure)];[Topic=rtms-stream-mylogs][MessageFound=(am_unix(sshd:auth): authentication failure logname= uid=0 euid)][UserSearch=(authentication failure)];[Topic=rtms-stream-mylogs][MessageFound=(am_unix(sshd:auth): authentication failure logname= uid=0 euid)][UserSearch=(authentication failure)];[Topic=rtms-stream-mylogs][MessageFound=(am_unix(sshd:auth): authentication failure logname= uid=0 euid)][UserSearch=(authentication failure)];[Topic=rtms-stream-mylogs][MessageFound=(am_unix(sshd:auth): authentication failure logname= uid=0 euid)][UserSearch=(authentication failure)];[Topic=rtms-stream-mylogs][MessageFound=(am_unix(sshd:auth): authentication failure logname= uid=0 euid)][UserSearch=(authentication failure)];[Topic=rtms-stream-mylogs][MessageFound=(am_unix(sshd:auth): authentication failure logname= uid=0 euid)][UserSearch=(authentication failure)];[Topic=rtms-stream-mylogs][MessageFound=(am_unix(sshd:auth): authentication failure logname= uid=0 euid)][UserSearch=(authentication failure)];[Topic=rtms-stream-mylogs][MessageFound=(am_unix(sshd:auth): authentication failure logname= uid=0 euid)][UserSearch=(authentication failure)];[Topic=rtms-stream-mylogs][MessageFound=(am_unix(sshd:auth): authentication failure logname= uid=0 euid)][UserSearch=(authentication failure)];[Topic=rtms-stream-mylogs][MessageFound=(am_unix(sshd:auth): authentication failure logname= uid=0 euid)][UserSearch=(authentication failure)];[Topic=rtms-stream-mylogs][MessageFound=(am_unix(sshd:auth): authentication failure logname= uid=0 euid)][UserSearch=(authentication failure)];, |authentication failure:--entity-- password failure ,0:233358;0:233359;0:233360;0:233361;0:233362;0:233363;0:233364;0:233365;0:233366;0:233367;0:233368;0:233369;0:233370;0:233371;0:233372;0:233373;0:233374;0:233375;0:233376;0:233377;0:233378;0:233379;0:233380;0:233381;0:233382;0:233383;0:233384;0:233385;0:233386;0:233387;0:233388;0:233389;0:233390;0:233391;0:233392;0:233393;0:233394;0:233395;0:233396;0:233397;0:233398;0:233399;0:233400;0:233401;0:233402;0:233403;0:233404;0:233405;0:233406;0:233407;,{9,6.26}
0.00,0.00,na,-]+)*|"(?:[\x01-\x08\x0b\x0c\x0e-\x1f\x21\x23-\x5b\x5d-\x7f]|\\[\x01-\x09\x0b\x0c\x0e-\x7f])*")@(?:(?:[a-z0-9](?:[a-z0-9-]*[a-z0-9])?\.)+[a-z0-9](?:[a-z0-9-]*[a-z0-9])?|\[(?:(?:25[0-5]|2[0-4][0-9]|[01]?[0-9][0-9]?)\.){3}(?:25[0-5]|2[0-4][0-9]|[01]?[0-9][0-9]?|[a-z0-9-]*[a-z0-9]:(?:[\x01-\x08\x0b\x0c\x0e-\x1f\x21-\x5a\x53-\x7f]|\\[\x01-\x09\x0b\x0c\x0e-\x7f])+)\]),,{9,6.26}
0.00,0.00,na,rgx:p([a-z]+)ch ,,{9,6.26}
0.00,0.00,na,|suspicious login attempt:ip address suspicious:unknown device:too many login attempts:address location banned,,{9,6.26}
0.00,0.00,na, |unknown--entity--,,{9,6.19}
1.00,50.00,[Topic=rtms-stream-mylogs][MessageFound=(am_unix(sshd:auth): authentication failure logname= uid=0 euid)][UserSearch=(authentication failure)];[Topic=rtms-stream-mylogs][MessageFound=(am_unix(sshd:auth): authentication failure logname= uid=0 euid)][UserSearch=(authentication failure)];[Topic=rtms-stream-mylogs][MessageFound=(am_unix(sshd:auth): authentication failure logname= uid=0 euid)][UserSearch=(authentication failure)];[Topic=rtms-stream-mylogs][MessageFound=(am_unix(sshd:auth): authentication failure logname= uid=0 euid)][UserSearch=(authentication failure)];[Topic=rtms-stream-mylogs][MessageFound=(am_unix(sshd:auth): authentication failure logname= uid=0 euid)][UserSearch=(authentication failure)];[Topic=rtms-stream-mylogs][MessageFound=(am_unix(sshd:auth): authentication failure logname= uid=0 euid)][UserSearch=(authentication failure)];[Topic=rtms-stream-mylogs][MessageFound=(am_unix(sshd:auth): authentication failure logname= uid=0 euid)][UserSearch=(authentication failure)];[Topic=rtms-stream-mylogs][MessageFound=(authentication failure logname= uid=0 euid)][UserSearch=(authentication failure)];[Topic=rtms-stream-mylogs][MessageFound=(am_unix(sshd:auth): authentication failure logname= uid=0 euid)][UserSearch=(authentication failure)];[Topic=rtms-stream-mylogs][MessageFound=(am_unix(sshd:auth): authentication failure logname= uid=0 euid)][UserSearch=(authentication failure)];[Topic=rtms-stream-mylogs][MessageFound=(am_unix(sshd:auth): authentication failure logname= uid=0 euid)][UserSearch=(authentication failure)];[Topic=rtms-stream-mylogs][MessageFound=(am_unix(sshd:auth): authentication failure logname= uid=0 euid)][UserSearch=(authentication failure)];[Topic=rtms-stream-mylogs][MessageFound=(onnecting: too many authentication failures for admin preauth)][UserSearch=(authentication failure)];[Topic=rtms-stream-mylogs][MessageFound=(am_unix(sshd:auth): authentication failure logname= uid=0 euid)][UserSearch=(authentication failure)];[Topic=rtms-stream-mylogs][MessageFound=(am_unix(sshd:auth): authentication failure logname= uid=0 euid)][UserSearch=(authentication failure)];[Topic=rtms-stream-mylogs][MessageFound=(am_unix(sshd:auth): authentication failure logname= uid=0 euid)][UserSearch=(authentication failure)];[Topic=rtms-stream-mylogs][MessageFound=(am_unix(sshd:auth): authentication failure logname= uid=0 euid)][UserSearch=(authentication failure)];[Topic=rtms-stream-mylogs][MessageFound=(am_unix(sshd:auth): authentication failure logname= uid=0 euid)][UserSearch=(authentication failure)];[Topic=rtms-stream-mylogs][MessageFound=(am_unix(sshd:auth): authentication failure logname= uid=0 euid)][UserSearch=(authentication failure)];[Topic=rtms-stream-mylogs][MessageFound=(am_unix(sshd:auth): authentication failure logname= uid=0 euid)][UserSearch=(authentication failure)];[Topic=rtms-stream-mylogs][MessageFound=(am_unix(sshd:auth): authentication failure logname= uid=0 euid)][UserSearch=(authentication failure)];[Topic=rtms-stream-mylogs][MessageFound=(am_unix(sshd:auth): authentication failure logname= uid=0 euid)][UserSearch=(authentication failure)];[Topic=rtms-stream-mylogs][MessageFound=(am_unix(sshd:auth): authentication failure logname= uid=0 euid)][UserSearch=(authentication failure)];[Topic=rtms-stream-mylogs][MessageFound=(am_unix(sshd:auth): authentication failure logname= uid=0 euid)][UserSearch=(authentication failure)];[Topic=rtms-stream-mylogs][MessageFound=(am_unix(sshd:auth): authentication failure logname= uid=0 euid)][UserSearch=(authentication failure)];[Topic=rtms-stream-mylogs][MessageFound=(am_unix(sshd:auth): authentication failure logname= uid=0 euid)][UserSearch=(authentication failure)];[Topic=rtms-stream-mylogs][MessageFound=(am_unix(sshd:auth): authentication failure logname= uid=0 euid)][UserSearch=(authentication failure)];[Topic=rtms-stream-mylogs][MessageFound=(am_unix(sshd:auth): authentication failure logname= uid=0 euid)][UserSearch=(authentication failure)];[Topic=rtms-stream-mylogs][MessageFound=(am_unix(sshd:auth): authentication failure logname= uid=0 euid)][UserSearch=(authentication failure)];[Topic=rtms-stream-mylogs][MessageFound=(am_unix(sshd:auth): authentication failure logname= uid=0 euid)][UserSearch=(authentication failure)];[Topic=rtms-stream-mylogs][MessageFound=(am_unix(sshd:auth): authentication failure logname= uid=0 euid)][UserSearch=(authentication failure)];[Topic=rtms-stream-mylogs][MessageFound=(am_unix(sshd:auth): authentication failure logname= uid=0 euid)][UserSearch=(authentication failure)];[Topic=rtms-stream-mylogs][MessageFound=(am_unix(sshd:auth): authentication failure logname= uid=0 euid)][UserSearch=(authentication failure)];[Topic=rtms-stream-mylogs][MessageFound=(am_unix(sshd:auth): authentication failure logname= uid=0 euid)][UserSearch=(authentication failure)];[Topic=rtms-stream-mylogs][MessageFound=(am_unix(sshd:auth): authentication failure logname= uid=0 euid)][UserSearch=(authentication failure)];[Topic=rtms-stream-mylogs][MessageFound=(am_unix(sshd:auth): authentication failure logname= uid=0 euid)][UserSearch=(authentication failure)];[Topic=rtms-stream-mylogs][MessageFound=(am_unix(sshd:auth): authentication failure logname= uid=0 euid)][UserSearch=(authentication failure)];[Topic=rtms-stream-mylogs][MessageFound=(am_unix(sshd:auth): authentication failure logname= uid=0 euid)][UserSearch=(authentication failure)];[Topic=rtms-stream-mylogs][MessageFound=(am_unix(sshd:auth): authentication failure logname= uid=0 euid)][UserSearch=(authentication failure)];[Topic=rtms-stream-mylogs][MessageFound=(am_unix(sshd:auth): authentication failure logname= uid=0 euid)][UserSearch=(authentication failure)];[Topic=rtms-stream-mylogs][MessageFound=(am_unix(sshd:auth): authentication failure logname= uid=0 euid)][UserSearch=(authentication failure)];[Topic=rtms-stream-mylogs][MessageFound=(am_unix(sshd:auth): authentication failure logname= uid=0 euid)][UserSearch=(authentication failure)];[Topic=rtms-stream-mylogs][MessageFound=(am_unix(sshd:auth): authentication failure logname= uid=0 euid)][UserSearch=(authentication failure)];[Topic=rtms-stream-mylogs][MessageFound=(am_unix(sshd:auth): authentication failure logname= uid=0 euid)][UserSearch=(authentication failure)];[Topic=rtms-stream-mylogs][MessageFound=(am_unix(sshd:auth): authentication failure logname= uid=0 euid)][UserSearch=(authentication failure)];[Topic=rtms-stream-mylogs][MessageFound=(am_unix(sshd:auth): authentication failure logname= uid=0 euid)][UserSearch=(authentication failure)];[Topic=rtms-stream-mylogs][MessageFound=(am_unix(sshd:auth): authentication failure logname= uid=0 euid)][UserSearch=(authentication failure)];[Topic=rtms-stream-mylogs][MessageFound=(am_unix(sshd:auth): authentication failure logname= uid=0 euid)][UserSearch=(authentication failure)];[Topic=rtms-stream-mylogs][MessageFound=(am_unix(sshd:auth): authentication failure logname= uid=0 euid)][UserSearch=(authentication failure)];[Topic=rtms-stream-mylogs][MessageFound=(am_unix(sshd:auth): authentication failure logname= uid=0 euid)][UserSearch=(authentication failure)];, |authentication failure:--entity-- password failure,0:25826;0:25827;0:25828;0:25829;0:25830;0:25831;0:25832;0:25833;0:25834;0:25835;0:25836;0:25837;0:25838;0:25839;0:25840;0:25841;0:25842;0:25843;0:25844;0:25845;0:25846;0:25847;0:25848;0:25849;0:25850;0:25851;0:25852;0:25853;0:25854;0:25855;0:25856;0:25857;0:25858;0:25859;0:25860;0:25861;0:25862;0:25863;0:25864;0:25865;0:25866;0:25867;0:25868;0:25869;0:25870;0:25871;0:25872;0:25873;0:25874;0:25875;,{9,6.19}
0.00,0.00,na,rgx:p([a-z]+)ch ,,{9,6.19}
0.00,0.00,na,rgx:(?:[a-z0-9!#$%&'*+\/=?^_`{|},,{9,6.19}
0.00,0.00,na,rgx:^(?=.*?[0-9])(?=.*?[A-Za-z]).{8:32}$,,{9,6.19}
0.00,0.00,na,|suspicious login attempt:too many login attempts:ip address suspicious:address location banned:unknown device,,{9,6.19}
0.00,0.00,na,-]+(?:\.[a-z0-9!#$%&'*+\/=?^_`{|},,{9,6.19}
0.00,0.00,na,-]+)*|"(?:[\x01-\x08\x0b\x0c\x0e-\x1f\x21\x23-\x5b\x5d-\x7f]|\\[\x01-\x09\x0b\x0c\x0e-\x7f])*")@(?:(?:[a-z0-9](?:[a-z0-9-]*[a-z0-9])?\.)+[a-z0-9](?:[a-z0-9-]*[a-z0-9])?|\[(?:(?:25[0-5]|2[0-4][0-9]|[01]?[0-9][0-9]?)\.){3}(?:25[0-5]|2[0-4][0-9]|[01]?[0-9][0-9]?|[a-z0-9-]*[a-z0-9]:(?:[\x01-\x08\x0b\x0c\x0e-\x1f\x21-\x5a\x53-\x7f]|\\[\x01-\x09\x0b\x0c\x0e-\x7f])+)\]),,{9,6.19}
0.00,0.00,na,rgx:^[0-9A-Za-z]{6:16}$,,{9,6.19}
0.00,0.00,na,|suspicious login attempt:too many login attempts:ip address suspicious:address location banned:unknown device,,{9,6.19}
0.00,0.00,na,-]+)*|"(?:[\x01-\x08\x0b\x0c\x0e-\x1f\x21\x23-\x5b\x5d-\x7f]|\\[\x01-\x09\x0b\x0c\x0e-\x7f])*")@(?:(?:[a-z0-9](?:[a-z0-9-]*[a-z0-9])?\.)+[a-z0-9](?:[a-z0-9-]*[a-z0-9])?|\[(?:(?:25[0-5]|2[0-4][0-9]|[01]?[0-9][0-9]?)\.){3}(?:25[0-5]|2[0-4][0-9]|[01]?[0-9][0-9]?|[a-z0-9-]*[a-z0-9]:(?:[\x01-\x08\x0b\x0c\x0e-\x1f\x21-\x5a\x53-\x7f]|\\[\x01-\x09\x0b\x0c\x0e-\x7f])+)\]),,{9,6.19}
0.00,0.00,na,-]+(?:\.[a-z0-9!#$%&'*+\/=?^_`{|},,{9,6.19}
0.00,0.00,na,rgx:^(?=.*?[0-9])(?=.*?[A-Za-z]).{8:32}$,,{9,6.19}
0.00,0.00,na,rgx:(?:[a-z0-9!#$%&'*+\/=?^_`{|},,{9,6.19}
0.00,0.00,na,rgx:p([a-z]+)ch ,,{9,6.19}
0.00,0.00,na,rgx:^[0-9A-Za-z]{6:16}$,,{9,6.19}
0.00,0.00,na, |unknown--entity--,,{9,6.19}
1.00,50.00,[Topic=rtms-stream-mylogs][MessageFound=(am_unix(sshd:auth): authentication failure logname= uid=0 euid)][UserSearch=(authentication failure)];[Topic=rtms-stream-mylogs][MessageFound=(am_unix(sshd:auth): authentication failure logname= uid=0 euid)][UserSearch=(authentication failure)];[Topic=rtms-stream-mylogs][MessageFound=(am_unix(sshd:auth): authentication failure logname= uid=0 euid)][UserSearch=(authentication failure)];[Topic=rtms-stream-mylogs][MessageFound=(am_unix(sshd:auth): authentication failure logname= uid=0 euid)][UserSearch=(authentication failure)];[Topic=rtms-stream-mylogs][MessageFound=(am_unix(sshd:auth): authentication failure logname= uid=0 euid)][UserSearch=(authentication failure)];[Topic=rtms-stream-mylogs][MessageFound=(am_unix(sshd:auth): authentication failure logname= uid=0 euid)][UserSearch=(authentication failure)];[Topic=rtms-stream-mylogs][MessageFound=(am_unix(sshd:auth): authentication failure logname= uid=0 euid)][UserSearch=(authentication failure)];[Topic=rtms-stream-mylogs][MessageFound=(authentication failure logname= uid=0 euid)][UserSearch=(authentication failure)];[Topic=rtms-stream-mylogs][MessageFound=(am_unix(sshd:auth): authentication failure logname= uid=0 euid)][UserSearch=(authentication failure)];[Topic=rtms-stream-mylogs][MessageFound=(am_unix(sshd:auth): authentication failure logname= uid=0 euid)][UserSearch=(authentication failure)];[Topic=rtms-stream-mylogs][MessageFound=(am_unix(sshd:auth): authentication failure logname= uid=0 euid)][UserSearch=(authentication failure)];[Topic=rtms-stream-mylogs][MessageFound=(am_unix(sshd:auth): authentication failure logname= uid=0 euid)][UserSearch=(authentication failure)];[Topic=rtms-stream-mylogs][MessageFound=(onnecting: too many authentication failures for admin preauth)][UserSearch=(authentication failure)];[Topic=rtms-stream-mylogs][MessageFound=(am_unix(sshd:auth): authentication failure logname= uid=0 euid)][UserSearch=(authentication failure)];[Topic=rtms-stream-mylogs][MessageFound=(am_unix(sshd:auth): authentication failure logname= uid=0 euid)][UserSearch=(authentication failure)];[Topic=rtms-stream-mylogs][MessageFound=(am_unix(sshd:auth): authentication failure logname= uid=0 euid)][UserSearch=(authentication failure)];[Topic=rtms-stream-mylogs][MessageFound=(am_unix(sshd:auth): authentication failure logname= uid=0 euid)][UserSearch=(authentication failure)];[Topic=rtms-stream-mylogs][MessageFound=(am_unix(sshd:auth): authentication failure logname= uid=0 euid)][UserSearch=(authentication failure)];[Topic=rtms-stream-mylogs][MessageFound=(am_unix(sshd:auth): authentication failure logname= uid=0 euid)][UserSearch=(authentication failure)];[Topic=rtms-stream-mylogs][MessageFound=(am_unix(sshd:auth): authentication failure logname= uid=0 euid)][UserSearch=(authentication failure)];[Topic=rtms-stream-mylogs][MessageFound=(am_unix(sshd:auth): authentication failure logname= uid=0 euid)][UserSearch=(authentication failure)];[Topic=rtms-stream-mylogs][MessageFound=(am_unix(sshd:auth): authentication failure logname= uid=0 euid)][UserSearch=(authentication failure)];[Topic=rtms-stream-mylogs][MessageFound=(am_unix(sshd:auth): authentication failure logname= uid=0 euid)][UserSearch=(authentication failure)];[Topic=rtms-stream-mylogs][MessageFound=(am_unix(sshd:auth): authentication failure logname= uid=0 euid)][UserSearch=(authentication failure)];[Topic=rtms-stream-mylogs][MessageFound=(am_unix(sshd:auth): authentication failure logname= uid=0 euid)][UserSearch=(authentication failure)];[Topic=rtms-stream-mylogs][MessageFound=(am_unix(sshd:auth): authentication failure logname= uid=0 euid)][UserSearch=(authentication failure)];[Topic=rtms-stream-mylogs][MessageFound=(am_unix(sshd:auth): authentication failure logname= uid=0 euid)][UserSearch=(authentication failure)];[Topic=rtms-stream-mylogs][MessageFound=(am_unix(sshd:auth): authentication failure logname= uid=0 euid)][UserSearch=(authentication failure)];[Topic=rtms-stream-mylogs][MessageFound=(am_unix(sshd:auth): authentication failure logname= uid=0 euid)][UserSearch=(authentication failure)];[Topic=rtms-stream-mylogs][MessageFound=(am_unix(sshd:auth): authentication failure logname= uid=0 euid)][UserSearch=(authentication failure)];[Topic=rtms-stream-mylogs][MessageFound=(am_unix(sshd:auth): authentication failure logname= uid=0 euid)][UserSearch=(authentication failure)];[Topic=rtms-stream-mylogs][MessageFound=(am_unix(sshd:auth): authentication failure logname= uid=0 euid)][UserSearch=(authentication failure)];[Topic=rtms-stream-mylogs][MessageFound=(am_unix(sshd:auth): authentication failure logname= uid=0 euid)][UserSearch=(authentication failure)];[Topic=rtms-stream-mylogs][MessageFound=(am_unix(sshd:auth): authentication failure logname= uid=0 euid)][UserSearch=(authentication failure)];[Topic=rtms-stream-mylogs][MessageFound=(am_unix(sshd:auth): authentication failure logname= uid=0 euid)][UserSearch=(authentication failure)];[Topic=rtms-stream-mylogs][MessageFound=(am_unix(sshd:auth): authentication failure logname= uid=0 euid)][UserSearch=(authentication failure)];[Topic=rtms-stream-mylogs][MessageFound=(am_unix(sshd:auth): authentication failure logname= uid=0 euid)][UserSearch=(authentication failure)];[Topic=rtms-stream-mylogs][MessageFound=(am_unix(sshd:auth): authentication failure logname= uid=0 euid)][UserSearch=(authentication failure)];[Topic=rtms-stream-mylogs][MessageFound=(am_unix(sshd:auth): authentication failure logname= uid=0 euid)][UserSearch=(authentication failure)];[Topic=rtms-stream-mylogs][MessageFound=(am_unix(sshd:auth): authentication failure logname= uid=0 euid)][UserSearch=(authentication failure)];[Topic=rtms-stream-mylogs][MessageFound=(am_unix(sshd:auth): authentication failure logname= uid=0 euid)][UserSearch=(authentication failure)];[Topic=rtms-stream-mylogs][MessageFound=(am_unix(sshd:auth): authentication failure logname= uid=0 euid)][UserSearch=(authentication failure)];[Topic=rtms-stream-mylogs][MessageFound=(am_unix(sshd:auth): authentication failure logname= uid=0 euid)][UserSearch=(authentication failure)];[Topic=rtms-stream-mylogs][MessageFound=(am_unix(sshd:auth): authentication failure logname= uid=0 euid)][UserSearch=(authentication failure)];[Topic=rtms-stream-mylogs][MessageFound=(am_unix(sshd:auth): authentication failure logname= uid=0 euid)][UserSearch=(authentication failure)];[Topic=rtms-stream-mylogs][MessageFound=(am_unix(sshd:auth): authentication failure logname= uid=0 euid)][UserSearch=(authentication failure)];[Topic=rtms-stream-mylogs][MessageFound=(am_unix(sshd:auth): authentication failure logname= uid=0 euid)][UserSearch=(authentication failure)];[Topic=rtms-stream-mylogs][MessageFound=(am_unix(sshd:auth): authentication failure logname= uid=0 euid)][UserSearch=(authentication failure)];[Topic=rtms-stream-mylogs][MessageFound=(am_unix(sshd:auth): authentication failure logname= uid=0 euid)][UserSearch=(authentication failure)];[Topic=rtms-stream-mylogs][MessageFound=(am_unix(sshd:auth): authentication failure logname= uid=0 euid)][UserSearch=(authentication failure)];, |authentication failure:--entity-- password failure,0:26212;0:26213;0:26214;0:26215;0:26216;0:26217;0:26218;0:26219;0:26220;0:26221;0:26222;0:26223;0:26224;0:26225;0:26226;0:26227;0:26228;0:26229;0:26230;0:26231;0:26232;0:26233;0:26234;0:26235;0:26236;0:26237;0:26238;0:26239;0:26240;0:26241;0:26242;0:26243;0:26244;0:26245;0:26246;0:26247;0:26248;0:26249;0:26250;0:26251;0:26252;0:26253;0:26254;0:26255;0:26256;0:26257;0:26258;0:26259;0:26260;0:26261;,{9,6.19}
