0.00,0.00,na,,{9,6.26}
1.00,50.00,[Topic=rtms-stream-mylogs][MessageFound=(am_unix(sshd:auth): authentication failure logname= uid=0 euid)][UserSearch=(authentication failure)];[Topic=rtms-stream-mylogs][MessageFound=(am_unix(sshd:auth): authentication failure logname= uid=0 euid)][UserSearch=(authentication failure)];[Topic=rtms-stream-mylogs][MessageFound=(am_unix(sshd:auth): authentication failure logname= uid=0 euid)][UserSearch=(authentication failure)];[Topic=rtms-stream-mylogs][MessageFound=(am_unix(sshd:auth): authentication failure logname= uid=0 euid)][UserSearch=(authentication failure)];[Topic=rtms-stream-mylogs][MessageFound=(am_unix(sshd:auth): authentication failure logname= uid=0 euid)][UserSearch=(authentication failure)];[Topic=rtms-stream-mylogs][MessageFound=(am_unix(sshd:auth): authentication failure logname= uid=0 euid)][UserSearch=(authentication failure)];[Topic=rtms-stream-mylogs][MessageFound=(am_unix(sshd:auth): authentication failure logname= uid=0 euid)][UserSearch=(authentication failure)];[Topic=rtms-stream-mylogs][MessageFound=(am_unix(sshd:auth): authentication failure logname= uid=0 euid)][UserSearch=(authentication failure)];[Topic=rtms-stream-mylogs][MessageFound=(am_unix(sshd:auth): authentication failure logname= uid=0 euid)][UserSearch=(authentication failure)];[Topic=rtms-stream-mylogs][MessageFound=(am_unix(sshd:auth): authentication failure logname= uid=0 euid)][UserSearch=(authentication failure)];[Topic=rtms-stream-mylogs][MessageFound=(am_unix(sshd:auth): authentication failure logname= uid=0 euid)][UserSearch=(authentication failure)];[Topic=rtms-stream-mylogs][MessageFound=(am_unix(sshd:auth): authentication failure logname= uid=0 euid)][UserSearch=(authentication failure)];[Topic=rtms-stream-mylogs][MessageFound=(am_unix(sshd:auth): authentication failure logname= uid=0 euid)][UserSearch=(authentication failure)];[Topic=rtms-stream-mylogs][MessageFound=(am_unix(sshd:auth): authentication failure logname= uid=0 euid)][UserSearch=(authentication failure)];[Topic=rtms-stream-mylogs][MessageFound=(authentication failure logname= uid=0 euid)][UserSearch=(authentication failure)];[Topic=rtms-stream-mylogs][MessageFound=(am_unix(sshd:auth): authentication failure logname= uid=0 euid)][UserSearch=(authentication failure)];[Topic=rtms-stream-mylogs][MessageFound=(am_unix(sshd:auth): authentication failure logname= uid=0 euid)][UserSearch=(authentication failure)];[Topic=rtms-stream-mylogs][MessageFound=(am_unix(sshd:auth): authentication failure logname= uid=0 euid)][UserSearch=(authentication failure)];[Topic=rtms-stream-mylogs][MessageFound=(am_unix(sshd:auth): authentication failure logname= uid=0 euid)][UserSearch=(authentication failure)];[Topic=rtms-stream-mylogs][MessageFound=(onnecting: too many authentication failures for admin preauth)][UserSearch=(authentication failure)];[Topic=rtms-stream-mylogs][MessageFound=(am_unix(sshd:auth): authentication failure logname= uid=0 euid)][UserSearch=(authentication failure)];[Topic=rtms-stream-mylogs][MessageFound=(am_unix(sshd:auth): authentication failure logname= uid=0 euid)][UserSearch=(authentication failure)];[Topic=rtms-stream-mylogs][MessageFound=(am_unix(sshd:auth): authentication failure logname= uid=0 euid)][UserSearch=(authentication failure)];[Topic=rtms-stream-mylogs][MessageFound=(am_unix(sshd:auth): authentication failure logname= uid=0 euid)][UserSearch=(authentication failure)];[Topic=rtms-stream-mylogs][MessageFound=(am_unix(sshd:auth): authentication failure logname= uid=0 euid)][UserSearch=(authentication failure)];[Topic=rtms-stream-mylogs][MessageFound=(am_unix(sshd:auth): authentication failure logname= uid=0 euid)][UserSearch=(authentication failure)];[Topic=rtms-stream-mylogs][MessageFound=(am_unix(sshd:auth): authentication failure logname= uid=0 euid)][UserSearch=(authentication failure)];[Topic=rtms-stream-mylogs][MessageFound=(am_unix(sshd:auth): authentication failure logname= uid=0 euid)][UserSearch=(authentication failure)];[Topic=rtms-stream-mylogs][MessageFound=(am_unix(sshd:auth): authentication failure logname= uid=0 euid)][UserSearch=(authentication failure)];[Topic=rtms-stream-mylogs][MessageFound=(am_unix(sshd:auth): authentication failure logname= uid=0 euid)][UserSearch=(authentication failure)];[Topic=rtms-stream-mylogs][MessageFound=(am_unix(sshd:auth): authentication failure logname= uid=0 euid)][UserSearch=(authentication failure)];[Topic=rtms-stream-mylogs][MessageFound=(am_unix(sshd:auth): authentication failure logname= uid=0 euid)][UserSearch=(authentication failure)];[Topic=rtms-stream-mylogs][MessageFound=(am_unix(sshd:auth): authentication failure logname= uid=0 euid)][UserSearch=(authentication failure)];[Topic=rtms-stream-mylogs][MessageFound=(am_unix(sshd:auth): authentication failure logname= uid=0 euid)][UserSearch=(authentication failure)];[Topic=rtms-stream-mylogs][MessageFound=(am_unix(sshd:auth): authentication failure logname= uid=0 euid)][UserSearch=(authentication failure)];[Topic=rtms-stream-mylogs][MessageFound=(am_unix(sshd:auth): authentication failure logname= uid=0 euid)][UserSearch=(authentication failure)];[Topic=rtms-stream-mylogs][MessageFound=(am_unix(sshd:auth): authentication failure logname= uid=0 euid)][UserSearch=(authentication failure)];[Topic=rtms-stream-mylogs][MessageFound=(am_unix(sshd:auth): authentication failure logname= uid=0 euid)][UserSearch=(authentication failure)];[Topic=rtms-stream-mylogs][MessageFound=(am_unix(sshd:auth): authentication failure logname= uid=0 euid)][UserSearch=(authentication failure)];[Topic=rtms-stream-mylogs][MessageFound=(am_unix(sshd:auth): authentication failure logname= uid=0 euid)][UserSearch=(authentication failure)];[Topic=rtms-stream-mylogs][MessageFound=(am_unix(sshd:auth): authentication failure logname= uid=0 euid)][UserSearch=(authentication failure)];[Topic=rtms-stream-mylogs][MessageFound=(am_unix(sshd:auth): authentication failure logname= uid=0 euid)][UserSearch=(authentication failure)];[Topic=rtms-stream-mylogs][MessageFound=(am_unix(sshd:auth): authentication failure logname= uid=0 euid)][UserSearch=(authentication failure)];[Topic=rtms-stream-mylogs][MessageFound=(am_unix(sshd:auth): authentication failure logname= uid=0 euid)][UserSearch=(authentication failure)];[Topic=rtms-stream-mylogs][MessageFound=(am_unix(sshd:auth): authentication failure logname= uid=0 euid)][UserSearch=(authentication failure)];[Topic=rtms-stream-mylogs][MessageFound=(am_unix(sshd:auth): authentication failure logname= uid=0 euid)][UserSearch=(authentication failure)];[Topic=rtms-stream-mylogs][MessageFound=(am_unix(sshd:auth): authentication failure logname= uid=0 euid)][UserSearch=(authentication failure)];[Topic=rtms-stream-mylogs][MessageFound=(am_unix(sshd:auth): authentication failure logname= uid=0 euid)][UserSearch=(authentication failure)];[Topic=rtms-stream-mylogs][MessageFound=(am_unix(sshd:auth): authentication failure logname= uid=0 euid)][UserSearch=(authentication failure)];[Topic=rtms-stream-mylogs][MessageFound=(am_unix(sshd:auth): authentication failure logname= uid=0 euid)][UserSearch=(authentication failure)];,0:1634640;0:1634641;0:1634642;0:1634643;0:1634644;0:1634645;0:1634646;0:1634647;0:1634648;0:1634649;0:1634650;0:1634651;0:1634652;0:1634653;0:1634654;0:1634655;0:1634656;0:1634657;0:1634658;0:1634659;0:1634660;0:1634661;0:1634662;0:1634663;0:1634664;0:1634665;0:1634666;0:1634667;0:1634668;0:1634669;0:1634670;0:1634671;0:1634672;0:1634673;0:1634674;0:1634675;0:1634676;0:1634677;0:1634678;0:1634679;0:1634680;0:1634681;0:1634682;0:1634683;0:1634684;0:1634685;0:1634686;0:1634687;0:1634688;0:1634689;,{9,6.26}
0.00,0.00,na,,{9,6.26}
0.00,0.00,na,,{9,6.26}
0.00,0.00,na,,{9,6.26}
0.00,0.00,na,,{9,6.26}
0.00,0.00,na,,{9,6.26}
0.00,0.00,na,,{9,6.26}
0.00,0.00,na,,{9,6.26}
0.00,0.00,na,,{9,6.26}
1.00,50.00,[Topic=rtms-stream-mylogs][MessageFound=(am_unix(sshd:auth): authentication failure logname= uid=0 euid)][UserSearch=(authentication failure)];[Topic=rtms-stream-mylogs][MessageFound=(am_unix(sshd:auth): authentication failure logname= uid=0 euid)][UserSearch=(authentication failure)];[Topic=rtms-stream-mylogs][MessageFound=(am_unix(sshd:auth): authentication failure logname= uid=0 euid)][UserSearch=(authentication failure)];[Topic=rtms-stream-mylogs][MessageFound=(am_unix(sshd:auth): authentication failure logname= uid=0 euid)][UserSearch=(authentication failure)];[Topic=rtms-stream-mylogs][MessageFound=(am_unix(sshd:auth): authentication failure logname= uid=0 euid)][UserSearch=(authentication failure)];[Topic=rtms-stream-mylogs][MessageFound=(am_unix(sshd:auth): authentication failure logname= uid=0 euid)][UserSearch=(authentication failure)];[Topic=rtms-stream-mylogs][MessageFound=(am_unix(sshd:auth): authentication failure logname= uid=0 euid)][UserSearch=(authentication failure)];[Topic=rtms-stream-mylogs][MessageFound=(am_unix(sshd:auth): authentication failure logname= uid=0 euid)][UserSearch=(authentication failure)];[Topic=rtms-stream-mylogs][MessageFound=(am_unix(sshd:auth): authentication failure logname= uid=0 euid)][UserSearch=(authentication failure)];[Topic=rtms-stream-mylogs][MessageFound=(am_unix(sshd:auth): authentication failure logname= uid=0 euid)][UserSearch=(authentication failure)];[Topic=rtms-stream-mylogs][MessageFound=(am_unix(sshd:auth): authentication failure logname= uid=0 euid)][UserSearch=(authentication failure)];[Topic=rtms-stream-mylogs][MessageFound=(am_unix(sshd:auth): authentication failure logname= uid=0 euid)][UserSearch=(authentication failure)];[Topic=rtms-stream-mylogs][MessageFound=(am_unix(sshd:auth): authentication failure logname= uid=0 euid)][UserSearch=(authentication failure)];[Topic=rtms-stream-mylogs][MessageFound=(am_unix(sshd:auth): authentication failure logname= uid=0 euid)][UserSearch=(authentication failure)];[Topic=rtms-stream-mylogs][MessageFound=(authentication failure logname= uid=0 euid)][UserSearch=(authentication failure)];[Topic=rtms-stream-mylogs][MessageFound=(am_unix(sshd:auth): authentication failure logname= uid=0 euid)][UserSearch=(authentication failure)];[Topic=rtms-stream-mylogs][MessageFound=(am_unix(sshd:auth): authentication failure logname= uid=0 euid)][UserSearch=(authentication failure)];[Topic=rtms-stream-mylogs][MessageFound=(am_unix(sshd:auth): authentication failure logname= uid=0 euid)][UserSearch=(authentication failure)];[Topic=rtms-stream-mylogs][MessageFound=(am_unix(sshd:auth): authentication failure logname= uid=0 euid)][UserSearch=(authentication failure)];[Topic=rtms-stream-mylogs][MessageFound=(onnecting: too many authentication failures for admin preauth)][UserSearch=(authentication failure)];[Topic=rtms-stream-mylogs][MessageFound=(am_unix(sshd:auth): authentication failure logname= uid=0 euid)][UserSearch=(authentication failure)];[Topic=rtms-stream-mylogs][MessageFound=(am_unix(sshd:auth): authentication failure logname= uid=0 euid)][UserSearch=(authentication failure)];[Topic=rtms-stream-mylogs][MessageFound=(am_unix(sshd:auth): authentication failure logname= uid=0 euid)][UserSearch=(authentication failure)];[Topic=rtms-stream-mylogs][MessageFound=(am_unix(sshd:auth): authentication failure logname= uid=0 euid)][UserSearch=(authentication failure)];[Topic=rtms-stream-mylogs][MessageFound=(am_unix(sshd:auth): authentication failure logname= uid=0 euid)][UserSearch=(authentication failure)];[Topic=rtms-stream-mylogs][MessageFound=(am_unix(sshd:auth): authentication failure logname= uid=0 euid)][UserSearch=(authentication failure)];[Topic=rtms-stream-mylogs][MessageFound=(am_unix(sshd:auth): authentication failure logname= uid=0 euid)][UserSearch=(authentication failure)];[Topic=rtms-stream-mylogs][MessageFound=(am_unix(sshd:auth): authentication failure logname= uid=0 euid)][UserSearch=(authentication failure)];[Topic=rtms-stream-mylogs][MessageFound=(am_unix(sshd:auth): authentication failure logname= uid=0 euid)][UserSearch=(authentication failure)];[Topic=rtms-stream-mylogs][MessageFound=(am_unix(sshd:auth): authentication failure logname= uid=0 euid)][UserSearch=(authentication failure)];[Topic=rtms-stream-mylogs][MessageFound=(am_unix(sshd:auth): authentication failure logname= uid=0 euid)][UserSearch=(authentication failure)];[Topic=rtms-stream-mylogs][MessageFound=(am_unix(sshd:auth): authentication failure logname= uid=0 euid)][UserSearch=(authentication failure)];[Topic=rtms-stream-mylogs][MessageFound=(am_unix(sshd:auth): authentication failure logname= uid=0 euid)][UserSearch=(authentication failure)];[Topic=rtms-stream-mylogs][MessageFound=(am_unix(sshd:auth): authentication failure logname= uid=0 euid)][UserSearch=(authentication failure)];[Topic=rtms-stream-mylogs][MessageFound=(am_unix(sshd:auth): authentication failure logname= uid=0 euid)][UserSearch=(authentication failure)];[Topic=rtms-stream-mylogs][MessageFound=(am_unix(sshd:auth): authentication failure logname= uid=0 euid)][UserSearch=(authentication failure)];[Topic=rtms-stream-mylogs][MessageFound=(am_unix(sshd:auth): authentication failure logname= uid=0 euid)][UserSearch=(authentication failure)];[Topic=rtms-stream-mylogs][MessageFound=(am_unix(sshd:auth): authentication failure logname= uid=0 euid)][UserSearch=(authentication failure)];[Topic=rtms-stream-mylogs][MessageFound=(am_unix(sshd:auth): authentication failure logname= uid=0 euid)][UserSearch=(authentication failure)];[Topic=rtms-stream-mylogs][MessageFound=(am_unix(sshd:auth): authentication failure logname= uid=0 euid)][UserSearch=(authentication failure)];[Topic=rtms-stream-mylogs][MessageFound=(am_unix(sshd:auth): authentication failure logname= uid=0 euid)][UserSearch=(authentication failure)];[Topic=rtms-stream-mylogs][MessageFound=(am_unix(sshd:auth): authentication failure logname= uid=0 euid)][UserSearch=(authentication failure)];[Topic=rtms-stream-mylogs][MessageFound=(am_unix(sshd:auth): authentication failure logname= uid=0 euid)][UserSearch=(authentication failure)];[Topic=rtms-stream-mylogs][MessageFound=(am_unix(sshd:auth): authentication failure logname= uid=0 euid)][UserSearch=(authentication failure)];[Topic=rtms-stream-mylogs][MessageFound=(am_unix(sshd:auth): authentication failure logname= uid=0 euid)][UserSearch=(authentication failure)];[Topic=rtms-stream-mylogs][MessageFound=(am_unix(sshd:auth): authentication failure logname= uid=0 euid)][UserSearch=(authentication failure)];[Topic=rtms-stream-mylogs][MessageFound=(am_unix(sshd:auth): authentication failure logname= uid=0 euid)][UserSearch=(authentication failure)];[Topic=rtms-stream-mylogs][MessageFound=(am_unix(sshd:auth): authentication failure logname= uid=0 euid)][UserSearch=(authentication failure)];[Topic=rtms-stream-mylogs][MessageFound=(am_unix(sshd:auth): authentication failure logname= uid=0 euid)][UserSearch=(authentication failure)];[Topic=rtms-stream-mylogs][MessageFound=(am_unix(sshd:auth): authentication failure logname= uid=0 euid)][UserSearch=(authentication failure)];,0:1634640;0:1634641;0:1634642;0:1634643;0:1634644;0:1634645;0:1634646;0:1634647;0:1634648;0:1634649;0:1634650;0:1634651;0:1634652;0:1634653;0:1634654;0:1634655;0:1634656;0:1634657;0:1634658;0:1634659;0:1634660;0:1634661;0:1634662;0:1634663;0:1634664;0:1634665;0:1634666;0:1634667;0:1634668;0:1634669;0:1634670;0:1634671;0:1634672;0:1634673;0:1634674;0:1634675;0:1634676;0:1634677;0:1634678;0:1634679;0:1634680;0:1634681;0:1634682;0:1634683;0:1634684;0:1634685;0:1634686;0:1634687;0:1634688;0:1634689;,{9,6.26}
0.00,0.00,na,,{9,6.26}
0.00,0.00,na,,{9,6.26}
0.00,0.00,na,,{9,6.26}
0.00,0.00,na,,{9,6.26}
0.00,0.00,na,,{9,6.26}
0.00,0.00,na,,{9,6.26}
0.00,0.00,na,,{9,6.26}
0.00,0.00,na,,{9,6.26}
0.00,0.00,na,,{9,6.26}
1.00,59.00,[Topic=rtms-stream-mylogs][MessageFound=(d(pam_unix)19939: authentication failure logname= uid=0 euid)][UserSearch=(authentication failure)];[Topic=rtms-stream-mylogs][MessageFound=(d(pam_unix)23399: authentication failure logname= uid=0 euid)][UserSearch=(authentication failure)];[Topic=rtms-stream-mylogs][MessageFound=(d(pam_unix)23673: authentication failure logname= uid=0 euid)][UserSearch=(authentication failure)];[Topic=rtms-stream-mylogs][MessageFound=(d(pam_unix)30565: authentication failure logname= uid=0 euid)][UserSearch=(authentication failure)];[Topic=rtms-stream-mylogs][MessageFound=(d(pam_unix)31205: authentication failure logname= uid=0 euid)][UserSearch=(authentication failure)];[Topic=rtms-stream-mylogs][MessageFound=(d(pam_unix)10035: authentication failure logname= uid=0 euid)][UserSearch=(authentication failure)];[Topic=rtms-stream-mylogs][MessageFound=(authentication failure logname= uid=0 euid)][UserSearch=(authentication failure)];[Topic=rtms-stream-mylogs][MessageFound=(d(pam_unix)16238: authentication failure logname= uid=0 euid)][UserSearch=(authentication failure)];[Topic=rtms-stream-mylogs][MessageFound=(d(pam_unix)17135: authentication failure logname= uid=0 euid)][UserSearch=(authentication failure)];[Topic=rtms-stream-mylogs][MessageFound=(d(pam_unix)18969: authentication failure logname= uid=0 euid)][UserSearch=(authentication failure)];[Topic=rtms-stream-mylogs][MessageFound=(d(pam_unix)26197: authentication failure logname= uid=0 euid)][UserSearch=(authentication failure)];[Topic=rtms-stream-mylogs][MessageFound=(d(pam_unix)31034: authentication failure logname= uid=0 euid)][UserSearch=(authentication failure)];[Topic=rtms-stream-mylogs][MessageFound=(hd(pam_unix)8660: authentication failure logname= uid=0 euid)][UserSearch=(authentication failure)];[Topic=rtms-stream-mylogs][MessageFound=(hd(pam_unix)8662: authentication failure logname= uid=0 euid)][UserSearch=(authentication failure)];[Topic=rtms-stream-mylogs][MessageFound=(d(pam_unix)12677: authentication failure logname= uid=0 euid)][UserSearch=(authentication failure)];[Topic=rtms-stream-mylogs][MessageFound=(d(pam_unix)15481: authentication failure logname= uid=0 euid)][UserSearch=(authentication failure)];[Topic=rtms-stream-mylogs][MessageFound=(d(pam_unix)15692: authentication failure logname= uid=0 euid)][UserSearch=(authentication failure)];[Topic=rtms-stream-mylogs][MessageFound=(d(pam_unix)15706: authentication failure logname= uid=0 euid)][UserSearch=(authentication failure)];[Topic=rtms-stream-mylogs][MessageFound=(d(pam_unix)18549: authentication failure logname= uid=0 euid)][UserSearch=(authentication failure)];[Topic=rtms-stream-mylogs][MessageFound=(d(pam_unix)19630: authentication failure logname= uid=0 euid)][UserSearch=(authentication failure)];[Topic=rtms-stream-mylogs][MessageFound=(d(pam_unix)22272: authentication failure logname= uid=0 euid)][UserSearch=(authentication failure)];[Topic=rtms-stream-mylogs][MessageFound=(d(pam_unix)22271: authentication failure logname= uid=0 euid)][UserSearch=(authentication failure)];[Topic=rtms-stream-mylogs][MessageFound=(d(pam_unix)24587: authentication failure logname= uid=0 euid)][UserSearch=(authentication failure)];[Topic=rtms-stream-mylogs][MessageFound=(hd(pam_unix)2543: authentication failure logname= uid=0 euid)][UserSearch=(authentication failure)];[Topic=rtms-stream-mylogs][MessageFound=(d(pam_unix)20963: authentication failure logname= uid=0 euid)][UserSearch=(authentication failure)];[Topic=rtms-stream-mylogs][MessageFound=(d(pam_unix)23780: authentication failure logname= uid=0 euid)][UserSearch=(authentication failure)];[Topic=rtms-stream-mylogs][MessageFound=(d(pam_unix)23790: authentication failure logname= uid=0 euid)][UserSearch=(authentication failure)];[Topic=rtms-stream-mylogs][MessageFound=(d(pam_unix)30530: authentication failure logname= uid=0 euid)][UserSearch=(authentication failure)];[Topic=rtms-stream-mylogs][MessageFound=(d(pam_unix)30532: authentication failure logname= uid=0 euid)][UserSearch=(authentication failure)];[Topic=rtms-stream-mylogs][MessageFound=(authentication failure logname= uid=0 euid)][UserSearch=(authentication failure)];[Topic=rtms-stream-mylogs][MessageFound=(d(pam_unix)30614: authentication failure logname= uid=0 euid)][UserSearch=(authentication failure)];[Topic=rtms-stream-mylogs][MessageFound=(d(pam_unix)30655: authentication failure logname= uid=0 euid)][UserSearch=(authentication failure)];[Topic=rtms-stream-mylogs][MessageFound=(d(pam_unix)30732: authentication failure logname= uid=0 euid)][UserSearch=(authentication failure)];[Topic=rtms-stream-mylogs][MessageFound=(hd(pam_unix)1325: authentication failure logname= uid=0 euid)][UserSearch=(authentication failure)];[Topic=rtms-stream-mylogs][MessageFound=(hd(pam_unix)4058: authentication failure logname= uid=0 euid)][UserSearch=(authentication failure)];[Topic=rtms-stream-mylogs][MessageFound=(d(pam_unix)12628: authentication failure logname= uid=0 euid)][UserSearch=(authentication failure)];[Topic=rtms-stream-mylogs][MessageFound=(d(pam_unix)24031: authentication failure logname= uid=0 euid)][UserSearch=(authentication failure)];[Topic=rtms-stream-mylogs][MessageFound=(d(pam_unix)30508: authentication failure logname= uid=0 euid)][UserSearch=(authentication failure)];[Topic=rtms-stream-mylogs][MessageFound=(hd(pam_unix)5587: authentication failure logname= uid=0 euid)][UserSearch=(authentication failure)];[Topic=rtms-stream-mylogs][MessageFound=(d(pam_unix)15385: authentication failure logname= uid=0 euid)][UserSearch=(authentication failure)];[Topic=rtms-stream-mylogs][MessageFound=(d(pam_unix)22185: authentication failure logname= uid=0 euid)][UserSearch=(authentication failure)];[Topic=rtms-stream-mylogs][MessageFound=(d(pam_unix)22188: authentication failure logname= uid=0 euid)][UserSearch=(authentication failure)];[Topic=rtms-stream-mylogs][MessageFound=(d(pam_unix)28842: authentication failure logname= uid=0 euid)][UserSearch=(authentication failure)];[Topic=rtms-stream-mylogs][MessageFound=(d(pam_unix)28852: authentication failure logname= uid=0 euid)][UserSearch=(authentication failure)];[Topic=rtms-stream-mylogs][MessageFound=(am_unix(sshd:auth): authentication failure logname= uid=0 euid)][UserSearch=(authentication failure)];[Topic=rtms-stream-mylogs][MessageFound=(onnecting: too many authentication failures for root preauth)][UserSearch=(authentication failure)];[Topic=rtms-stream-mylogs][MessageFound=(am_unix(sshd:auth): authentication failure logname= uid=0 euid)][UserSearch=(authentication failure)];[Topic=rtms-stream-mylogs][MessageFound=(am_unix(sshd:auth): authentication failure logname= uid=0 euid)][UserSearch=(authentication failure)];[Topic=rtms-stream-mylogs][MessageFound=(am_unix(sshd:auth): authentication failure logname= uid=0 euid)][UserSearch=(authentication failure)];[Topic=rtms-stream-mylogs][MessageFound=(am_unix(sshd:auth): authentication failure logname= uid=0 euid)][UserSearch=(authentication failure)];[Topic=rtms-stream-mylogs][MessageFound=(am_unix(sshd:auth): authentication failure logname= uid=0 euid)][UserSearch=(authentication failure)];[Topic=rtms-stream-mylogs][MessageFound=(onnecting: too many authentication failures for root preauth)][UserSearch=(authentication failure)];[Topic=rtms-stream-mylogs][MessageFound=(24419: pam 2 more authentication failures logname= uid=0 eui)][UserSearch=(authentication failure)];[Topic=rtms-stream-mylogs][MessageFound=(authentication failure logname= uid=0 euid)][UserSearch=(authentication failure)];[Topic=rtms-stream-mylogs][MessageFound=(am_unix(sshd:auth): authentication failure logname= uid=0 euid)][UserSearch=(authentication failure)];[Topic=rtms-stream-mylogs][MessageFound=(am_unix(sshd:auth): authentication failure logname= uid=0 euid)][UserSearch=(authentication failure)];[Topic=rtms-stream-mylogs][MessageFound=(am_unix(sshd:auth): authentication failure logname= uid=0 euid)][UserSearch=(authentication failure)];[Topic=rtms-stream-mylogs][MessageFound=(am_unix(sshd:auth): authentication failure logname= uid=0 euid)][UserSearch=(authentication failure)];[Topic=rtms-stream-mylogs][MessageFound=(am_unix(sshd:auth): authentication failure logname= uid=0 euid)][UserSearch=(authentication failure)];,0:1635327;0:1635328;0:1635329;0:1635330;0:1635331;0:1635333;0:1635334;0:1635335;0:1635336;0:1635337;0:1635338;0:1635339;0:1635340;0:1635341;0:1635342;0:1635343;0:1635344;0:1635345;0:1635346;0:1635349;0:1635350;0:1635351;0:1635352;0:1635355;0:1635356;0:1635358;0:1635359;0:1635362;0:1635363;0:1635364;0:1635365;0:1635366;0:1635367;0:1635368;0:1635369;0:1635370;0:1635374;0:1635378;0:1635379;0:1635381;0:1635382;0:1635383;0:1635386;0:1635387;0:1635392;0:1635393;0:1635394;0:1635395;0:1635396;0:1635397;0:1635398;0:1635399;0:1635400;0:1635401;0:1635402;0:1635403;0:1635404;0:1635405;0:1635406;,{9,6.26}
0.00,0.00,na,,{9,6.26}
0.00,0.00,na,,{9,6.26}
0.00,0.00,na,,{9,6.26}
0.00,0.00,na,,{9,6.26}
1.00,1.00,[Topic=rtms-stream-mylogs][MessageFound=(patch)][UserSearch=(rgx:p([a-z]+)ch)];,0:1635281;,{9,6.26}
0.00,0.00,na,,{9,6.26}
0.00,0.00,na,,{9,6.26}
0.00,0.00,na,,{9,6.26}
1.00,50.00,[Topic=rtms-stream-mylogs][MessageFound=(am_unix(sshd:auth): authentication failure logname= uid=0 euid)][UserSearch=(authentication failure)];[Topic=rtms-stream-mylogs][MessageFound=(am_unix(sshd:auth): authentication failure logname= uid=0 euid)][UserSearch=(authentication failure)];[Topic=rtms-stream-mylogs][MessageFound=(am_unix(sshd:auth): authentication failure logname= uid=0 euid)][UserSearch=(authentication failure)];[Topic=rtms-stream-mylogs][MessageFound=(am_unix(sshd:auth): authentication failure logname= uid=0 euid)][UserSearch=(authentication failure)];[Topic=rtms-stream-mylogs][MessageFound=(am_unix(sshd:auth): authentication failure logname= uid=0 euid)][UserSearch=(authentication failure)];[Topic=rtms-stream-mylogs][MessageFound=(am_unix(sshd:auth): authentication failure logname= uid=0 euid)][UserSearch=(authentication failure)];[Topic=rtms-stream-mylogs][MessageFound=(am_unix(sshd:auth): authentication failure logname= uid=0 euid)][UserSearch=(authentication failure)];[Topic=rtms-stream-mylogs][MessageFound=(am_unix(sshd:auth): authentication failure logname= uid=0 euid)][UserSearch=(authentication failure)];[Topic=rtms-stream-mylogs][MessageFound=(authentication failure logname= uid=0 euid)][UserSearch=(authentication failure)];[Topic=rtms-stream-mylogs][MessageFound=(am_unix(sshd:auth): authentication failure logname= uid=0 euid)][UserSearch=(authentication failure)];[Topic=rtms-stream-mylogs][MessageFound=(am_unix(sshd:auth): authentication failure logname= uid=0 euid)][UserSearch=(authentication failure)];[Topic=rtms-stream-mylogs][MessageFound=(am_unix(sshd:auth): authentication failure logname= uid=0 euid)][UserSearch=(authentication failure)];[Topic=rtms-stream-mylogs][MessageFound=(am_unix(sshd:auth): authentication failure logname= uid=0 euid)][UserSearch=(authentication failure)];[Topic=rtms-stream-mylogs][MessageFound=(onnecting: too many authentication failures for admin preauth)][UserSearch=(authentication failure)];[Topic=rtms-stream-mylogs][MessageFound=(am_unix(sshd:auth): authentication failure logname= uid=0 euid)][UserSearch=(authentication failure)];[Topic=rtms-stream-mylogs][MessageFound=(am_unix(sshd:auth): authentication failure logname= uid=0 euid)][UserSearch=(authentication failure)];[Topic=rtms-stream-mylogs][MessageFound=(am_unix(sshd:auth): authentication failure logname= uid=0 euid)][UserSearch=(authentication failure)];[Topic=rtms-stream-mylogs][MessageFound=(am_unix(sshd:auth): authentication failure logname= uid=0 euid)][UserSearch=(authentication failure)];[Topic=rtms-stream-mylogs][MessageFound=(am_unix(sshd:auth): authentication failure logname= uid=0 euid)][UserSearch=(authentication failure)];[Topic=rtms-stream-mylogs][MessageFound=(am_unix(sshd:auth): authentication failure logname= uid=0 euid)][UserSearch=(authentication failure)];[Topic=rtms-stream-mylogs][MessageFound=(am_unix(sshd:auth): authentication failure logname= uid=0 euid)][UserSearch=(authentication failure)];[Topic=rtms-stream-mylogs][MessageFound=(am_unix(sshd:auth): authentication failure logname= uid=0 euid)][UserSearch=(authentication failure)];[Topic=rtms-stream-mylogs][MessageFound=(am_unix(sshd:auth): authentication failure logname= uid=0 euid)][UserSearch=(authentication failure)];[Topic=rtms-stream-mylogs][MessageFound=(am_unix(sshd:auth): authentication failure logname= uid=0 euid)][UserSearch=(authentication failure)];[Topic=rtms-stream-mylogs][MessageFound=(am_unix(sshd:auth): authentication failure logname= uid=0 euid)][UserSearch=(authentication failure)];[Topic=rtms-stream-mylogs][MessageFound=(am_unix(sshd:auth): authentication failure logname= uid=0 euid)][UserSearch=(authentication failure)];[Topic=rtms-stream-mylogs][MessageFound=(am_unix(sshd:auth): authentication failure logname= uid=0 euid)][UserSearch=(authentication failure)];[Topic=rtms-stream-mylogs][MessageFound=(am_unix(sshd:auth): authentication failure logname= uid=0 euid)][UserSearch=(authentication failure)];[Topic=rtms-stream-mylogs][MessageFound=(am_unix(sshd:auth): authentication failure logname= uid=0 euid)][UserSearch=(authentication failure)];[Topic=rtms-stream-mylogs][MessageFound=(am_unix(sshd:auth): authentication failure logname= uid=0 euid)][UserSearch=(authentication failure)];[Topic=rtms-stream-mylogs][MessageFound=(am_unix(sshd:auth): authentication failure logname= uid=0 euid)][UserSearch=(authentication failure)];[Topic=rtms-stream-mylogs][MessageFound=(am_unix(sshd:auth): authentication failure logname= uid=0 euid)][UserSearch=(authentication failure)];[Topic=rtms-stream-mylogs][MessageFound=(am_unix(sshd:auth): authentication failure logname= uid=0 euid)][UserSearch=(authentication failure)];[Topic=rtms-stream-mylogs][MessageFound=(am_unix(sshd:auth): authentication failure logname= uid=0 euid)][UserSearch=(authentication failure)];[Topic=rtms-stream-mylogs][MessageFound=(am_unix(sshd:auth): authentication failure logname= uid=0 euid)][UserSearch=(authentication failure)];[Topic=rtms-stream-mylogs][MessageFound=(am_unix(sshd:auth): authentication failure logname= uid=0 euid)][UserSearch=(authentication failure)];[Topic=rtms-stream-mylogs][MessageFound=(am_unix(sshd:auth): authentication failure logname= uid=0 euid)][UserSearch=(authentication failure)];[Topic=rtms-stream-mylogs][MessageFound=(am_unix(sshd:auth): authentication failure logname= uid=0 euid)][UserSearch=(authentication failure)];[Topic=rtms-stream-mylogs][MessageFound=(am_unix(sshd:auth): authentication failure logname= uid=0 euid)][UserSearch=(authentication failure)];[Topic=rtms-stream-mylogs][MessageFound=(am_unix(sshd:auth): authentication failure logname= uid=0 euid)][UserSearch=(authentication failure)];[Topic=rtms-stream-mylogs][MessageFound=(am_unix(sshd:auth): authentication failure logname= uid=0 euid)][UserSearch=(authentication failure)];[Topic=rtms-stream-mylogs][MessageFound=(am_unix(sshd:auth): authentication failure logname= uid=0 euid)][UserSearch=(authentication failure)];[Topic=rtms-stream-mylogs][MessageFound=(am_unix(sshd:auth): authentication failure logname= uid=0 euid)][UserSearch=(authentication failure)];[Topic=rtms-stream-mylogs][MessageFound=(am_unix(sshd:auth): authentication failure logname= uid=0 euid)][UserSearch=(authentication failure)];[Topic=rtms-stream-mylogs][MessageFound=(am_unix(sshd:auth): authentication failure logname= uid=0 euid)][UserSearch=(authentication failure)];[Topic=rtms-stream-mylogs][MessageFound=(am_unix(sshd:auth): authentication failure logname= uid=0 euid)][UserSearch=(authentication failure)];[Topic=rtms-stream-mylogs][MessageFound=(am_unix(sshd:auth): authentication failure logname= uid=0 euid)][UserSearch=(authentication failure)];[Topic=rtms-stream-mylogs][MessageFound=(am_unix(sshd:auth): authentication failure logname= uid=0 euid)][UserSearch=(authentication failure)];[Topic=rtms-stream-mylogs][MessageFound=(am_unix(sshd:auth): authentication failure logname= uid=0 euid)][UserSearch=(authentication failure)];[Topic=rtms-stream-mylogs][MessageFound=(am_unix(sshd:auth): authentication failure logname= uid=0 euid)][UserSearch=(authentication failure)];,0:1635413;0:1635414;0:1635415;0:1635416;0:1635417;0:1635418;0:1635419;0:1635420;0:1635421;0:1635422;0:1635423;0:1635424;0:1635425;0:1635426;0:1635427;0:1635428;0:1635429;0:1635430;0:1635431;0:1635432;0:1635433;0:1635434;0:1635435;0:1635436;0:1635437;0:1635438;0:1635439;0:1635440;0:1635441;0:1635442;0:1635443;0:1635444;0:1635445;0:1635446;0:1635447;0:1635448;0:1635449;0:1635450;0:1635451;0:1635452;0:1635453;0:1635454;0:1635455;0:1635456;0:1635457;0:1635458;0:1635459;0:1635460;0:1635461;0:1635462;,{9,6.26}
0.00,0.00,na,,{9,6.26}
0.00,0.00,na,,{9,6.26}
0.00,0.00,na,,{9,6.26}
0.00,0.00,na,,{9,6.26}
0.00,0.00,na,,{9,6.26}
0.00,0.00,na,,{9,6.26}
1.00,50.00,[Topic=rtms-stream-mylogs][MessageFound=(am_unix(sshd:auth): authentication failure logname= uid=0 euid)][UserSearch=(authentication failure)];[Topic=rtms-stream-mylogs][MessageFound=(am_unix(sshd:auth): authentication failure logname= uid=0 euid)][UserSearch=(authentication failure)];[Topic=rtms-stream-mylogs][MessageFound=(am_unix(sshd:auth): authentication failure logname= uid=0 euid)][UserSearch=(authentication failure)];[Topic=rtms-stream-mylogs][MessageFound=(am_unix(sshd:auth): authentication failure logname= uid=0 euid)][UserSearch=(authentication failure)];[Topic=rtms-stream-mylogs][MessageFound=(am_unix(sshd:auth): authentication failure logname= uid=0 euid)][UserSearch=(authentication failure)];[Topic=rtms-stream-mylogs][MessageFound=(am_unix(sshd:auth): authentication failure logname= uid=0 euid)][UserSearch=(authentication failure)];[Topic=rtms-stream-mylogs][MessageFound=(am_unix(sshd:auth): authentication failure logname= uid=0 euid)][UserSearch=(authentication failure)];[Topic=rtms-stream-mylogs][MessageFound=(authentication failure logname= uid=0 euid)][UserSearch=(authentication failure)];[Topic=rtms-stream-mylogs][MessageFound=(am_unix(sshd:auth): authentication failure logname= uid=0 euid)][UserSearch=(authentication failure)];[Topic=rtms-stream-mylogs][MessageFound=(am_unix(sshd:auth): authentication failure logname= uid=0 euid)][UserSearch=(authentication failure)];[Topic=rtms-stream-mylogs][MessageFound=(am_unix(sshd:auth): authentication failure logname= uid=0 euid)][UserSearch=(authentication failure)];[Topic=rtms-stream-mylogs][MessageFound=(am_unix(sshd:auth): authentication failure logname= uid=0 euid)][UserSearch=(authentication failure)];[Topic=rtms-stream-mylogs][MessageFound=(onnecting: too many authentication failures for admin preauth)][UserSearch=(authentication failure)];[Topic=rtms-stream-mylogs][MessageFound=(am_unix(sshd:auth): authentication failure logname= uid=0 euid)][UserSearch=(authentication failure)];[Topic=rtms-stream-mylogs][MessageFound=(am_unix(sshd:auth): authentication failure logname= uid=0 euid)][UserSearch=(authentication failure)];[Topic=rtms-stream-mylogs][MessageFound=(am_unix(sshd:auth): authentication failure logname= uid=0 euid)][UserSearch=(authentication failure)];[Topic=rtms-stream-mylogs][MessageFound=(am_unix(sshd:auth): authentication failure logname= uid=0 euid)][UserSearch=(authentication failure)];[Topic=rtms-stream-mylogs][MessageFound=(am_unix(sshd:auth): authentication failure logname= uid=0 euid)][UserSearch=(authentication failure)];[Topic=rtms-stream-mylogs][MessageFound=(am_unix(sshd:auth): authentication failure logname= uid=0 euid)][UserSearch=(authentication failure)];[Topic=rtms-stream-mylogs][MessageFound=(am_unix(sshd:auth): authentication failure logname= uid=0 euid)][UserSearch=(authentication failure)];[Topic=rtms-stream-mylogs][MessageFound=(am_unix(sshd:auth): authentication failure logname= uid=0 euid)][UserSearch=(authentication failure)];[Topic=rtms-stream-mylogs][MessageFound=(am_unix(sshd:auth): authentication failure logname= uid=0 euid)][UserSearch=(authentication failure)];[Topic=rtms-stream-mylogs][MessageFound=(am_unix(sshd:auth): authentication failure logname= uid=0 euid)][UserSearch=(authentication failure)];[Topic=rtms-stream-mylogs][MessageFound=(am_unix(sshd:auth): authentication failure logname= uid=0 euid)][UserSearch=(authentication failure)];[Topic=rtms-stream-mylogs][MessageFound=(am_unix(sshd:auth): authentication failure logname= uid=0 euid)][UserSearch=(authentication failure)];[Topic=rtms-stream-mylogs][MessageFound=(am_unix(sshd:auth): authentication failure logname= uid=0 euid)][UserSearch=(authentication failure)];[Topic=rtms-stream-mylogs][MessageFound=(am_unix(sshd:auth): authentication failure logname= uid=0 euid)][UserSearch=(authentication failure)];[Topic=rtms-stream-mylogs][MessageFound=(am_unix(sshd:auth): authentication failure logname= uid=0 euid)][UserSearch=(authentication failure)];[Topic=rtms-stream-mylogs][MessageFound=(am_unix(sshd:auth): authentication failure logname= uid=0 euid)][UserSearch=(authentication failure)];[Topic=rtms-stream-mylogs][MessageFound=(am_unix(sshd:auth): authentication failure logname= uid=0 euid)][UserSearch=(authentication failure)];[Topic=rtms-stream-mylogs][MessageFound=(am_unix(sshd:auth): authentication failure logname= uid=0 euid)][UserSearch=(authentication failure)];[Topic=rtms-stream-mylogs][MessageFound=(am_unix(sshd:auth): authentication failure logname= uid=0 euid)][UserSearch=(authentication failure)];[Topic=rtms-stream-mylogs][MessageFound=(am_unix(sshd:auth): authentication failure logname= uid=0 euid)][UserSearch=(authentication failure)];[Topic=rtms-stream-mylogs][MessageFound=(am_unix(sshd:auth): authentication failure logname= uid=0 euid)][UserSearch=(authentication failure)];[Topic=rtms-stream-mylogs][MessageFound=(am_unix(sshd:auth): authentication failure logname= uid=0 euid)][UserSearch=(authentication failure)];[Topic=rtms-stream-mylogs][MessageFound=(am_unix(sshd:auth): authentication failure logname= uid=0 euid)][UserSearch=(authentication failure)];[Topic=rtms-stream-mylogs][MessageFound=(am_unix(sshd:auth): authentication failure logname= uid=0 euid)][UserSearch=(authentication failure)];[Topic=rtms-stream-mylogs][MessageFound=(am_unix(sshd:auth): authentication failure logname= uid=0 euid)][UserSearch=(authentication failure)];[Topic=rtms-stream-mylogs][MessageFound=(am_unix(sshd:auth): authentication failure logname= uid=0 euid)][UserSearch=(authentication failure)];[Topic=rtms-stream-mylogs][MessageFound=(am_unix(sshd:auth): authentication failure logname= uid=0 euid)][UserSearch=(authentication failure)];[Topic=rtms-stream-mylogs][MessageFound=(am_unix(sshd:auth): authentication failure logname= uid=0 euid)][UserSearch=(authentication failure)];[Topic=rtms-stream-mylogs][MessageFound=(am_unix(sshd:auth): authentication failure logname= uid=0 euid)][UserSearch=(authentication failure)];[Topic=rtms-stream-mylogs][MessageFound=(am_unix(sshd:auth): authentication failure logname= uid=0 euid)][UserSearch=(authentication failure)];[Topic=rtms-stream-mylogs][MessageFound=(am_unix(sshd:auth): authentication failure logname= uid=0 euid)][UserSearch=(authentication failure)];[Topic=rtms-stream-mylogs][MessageFound=(am_unix(sshd:auth): authentication failure logname= uid=0 euid)][UserSearch=(authentication failure)];[Topic=rtms-stream-mylogs][MessageFound=(am_unix(sshd:auth): authentication failure logname= uid=0 euid)][UserSearch=(authentication failure)];[Topic=rtms-stream-mylogs][MessageFound=(am_unix(sshd:auth): authentication failure logname= uid=0 euid)][UserSearch=(authentication failure)];[Topic=rtms-stream-mylogs][MessageFound=(am_unix(sshd:auth): authentication failure logname= uid=0 euid)][UserSearch=(authentication failure)];[Topic=rtms-stream-mylogs][MessageFound=(am_unix(sshd:auth): authentication failure logname= uid=0 euid)][UserSearch=(authentication failure)];[Topic=rtms-stream-mylogs][MessageFound=(am_unix(sshd:auth): authentication failure logname= uid=0 euid)][UserSearch=(authentication failure)];,0:1635802;0:1635803;0:1635804;0:1635805;0:1635806;0:1635807;0:1635808;0:1635809;0:1635810;0:1635811;0:1635812;0:1635813;0:1635814;0:1635815;0:1635816;0:1635817;0:1635818;0:1635819;0:1635820;0:1635821;0:1635822;0:1635823;0:1635824;0:1635825;0:1635826;0:1635827;0:1635828;0:1635829;0:1635830;0:1635831;0:1635832;0:1635833;0:1635834;0:1635835;0:1635836;0:1635837;0:1635838;0:1635839;0:1635840;0:1635841;0:1635842;0:1635843;0:1635844;0:1635845;0:1635846;0:1635847;0:1635848;0:1635849;0:1635850;0:1635851;,{9,6.26}
0.00,0.00,na,,{9,6.26}
0.00,0.00,na,,{9,6.26}
0.00,0.00,na,,{9,6.26}
0.00,0.00,na,,{9,6.26}
0.00,0.00,na,,{9,6.26}
0.00,0.00,na,,{9,6.26}
0.00,0.00,na,,{9,6.26}
0.00,0.00,na,,{9,6.26}
0.00,0.00,na,,{9,6.26}
0.00,0.00,na,,{9,6.26}
0.00,0.00,na,,{9,6.26}
0.00,0.00,na,,{9,6.26}
0.00,0.00,na,,{9,6.26}
0.00,0.00,na,,{9,6.26}
0.00,0.00,na,,{9,6.26}
1.00,50.00,[Topic=rtms-stream-mylogs][MessageFound=(am_unix(sshd:auth): authentication failure logname= uid=0 euid)][UserSearch=(authentication failure)];[Topic=rtms-stream-mylogs][MessageFound=(am_unix(sshd:auth): authentication failure logname= uid=0 euid)][UserSearch=(authentication failure)];[Topic=rtms-stream-mylogs][MessageFound=(am_unix(sshd:auth): authentication failure logname= uid=0 euid)][UserSearch=(authentication failure)];[Topic=rtms-stream-mylogs][MessageFound=(am_unix(sshd:auth): authentication failure logname= uid=0 euid)][UserSearch=(authentication failure)];[Topic=rtms-stream-mylogs][MessageFound=(am_unix(sshd:auth): authentication failure logname= uid=0 euid)][UserSearch=(authentication failure)];[Topic=rtms-stream-mylogs][MessageFound=(am_unix(sshd:auth): authentication failure logname= uid=0 euid)][UserSearch=(authentication failure)];[Topic=rtms-stream-mylogs][MessageFound=(am_unix(sshd:auth): authentication failure logname= uid=0 euid)][UserSearch=(authentication failure)];[Topic=rtms-stream-mylogs][MessageFound=(authentication failure logname= uid=0 euid)][UserSearch=(authentication failure)];[Topic=rtms-stream-mylogs][MessageFound=(am_unix(sshd:auth): authentication failure logname= uid=0 euid)][UserSearch=(authentication failure)];[Topic=rtms-stream-mylogs][MessageFound=(am_unix(sshd:auth): authentication failure logname= uid=0 euid)][UserSearch=(authentication failure)];[Topic=rtms-stream-mylogs][MessageFound=(am_unix(sshd:auth): authentication failure logname= uid=0 euid)][UserSearch=(authentication failure)];[Topic=rtms-stream-mylogs][MessageFound=(am_unix(sshd:auth): authentication failure logname= uid=0 euid)][UserSearch=(authentication failure)];[Topic=rtms-stream-mylogs][MessageFound=(onnecting: too many authentication failures for admin preauth)][UserSearch=(authentication failure)];[Topic=rtms-stream-mylogs][MessageFound=(am_unix(sshd:auth): authentication failure logname= uid=0 euid)][UserSearch=(authentication failure)];[Topic=rtms-stream-mylogs][MessageFound=(am_unix(sshd:auth): authentication failure logname= uid=0 euid)][UserSearch=(authentication failure)];[Topic=rtms-stream-mylogs][MessageFound=(am_unix(sshd:auth): authentication failure logname= uid=0 euid)][UserSearch=(authentication failure)];[Topic=rtms-stream-mylogs][MessageFound=(am_unix(sshd:auth): authentication failure logname= uid=0 euid)][UserSearch=(authentication failure)];[Topic=rtms-stream-mylogs][MessageFound=(am_unix(sshd:auth): authentication failure logname= uid=0 euid)][UserSearch=(authentication failure)];[Topic=rtms-stream-mylogs][MessageFound=(am_unix(sshd:auth): authentication failure logname= uid=0 euid)][UserSearch=(authentication failure)];[Topic=rtms-stream-mylogs][MessageFound=(am_unix(sshd:auth): authentication failure logname= uid=0 euid)][UserSearch=(authentication failure)];[Topic=rtms-stream-mylogs][MessageFound=(am_unix(sshd:auth): authentication failure logname= uid=0 euid)][UserSearch=(authentication failure)];[Topic=rtms-stream-mylogs][MessageFound=(am_unix(sshd:auth): authentication failure logname= uid=0 euid)][UserSearch=(authentication failure)];[Topic=rtms-stream-mylogs][MessageFound=(am_unix(sshd:auth): authentication failure logname= uid=0 euid)][UserSearch=(authentication failure)];[Topic=rtms-stream-mylogs][MessageFound=(am_unix(sshd:auth): authentication failure logname= uid=0 euid)][UserSearch=(authentication failure)];[Topic=rtms-stream-mylogs][MessageFound=(am_unix(sshd:auth): authentication failure logname= uid=0 euid)][UserSearch=(authentication failure)];[Topic=rtms-stream-mylogs][MessageFound=(am_unix(sshd:auth): authentication failure logname= uid=0 euid)][UserSearch=(authentication failure)];[Topic=rtms-stream-mylogs][MessageFound=(am_unix(sshd:auth): authentication failure logname= uid=0 euid)][UserSearch=(authentication failure)];[Topic=rtms-stream-mylogs][MessageFound=(am_unix(sshd:auth): authentication failure logname= uid=0 euid)][UserSearch=(authentication failure)];[Topic=rtms-stream-mylogs][MessageFound=(am_unix(sshd:auth): authentication failure logname= uid=0 euid)][UserSearch=(authentication failure)];[Topic=rtms-stream-mylogs][MessageFound=(am_unix(sshd:auth): authentication failure logname= uid=0 euid)][UserSearch=(authentication failure)];[Topic=rtms-stream-mylogs][MessageFound=(am_unix(sshd:auth): authentication failure logname= uid=0 euid)][UserSearch=(authentication failure)];[Topic=rtms-stream-mylogs][MessageFound=(am_unix(sshd:auth): authentication failure logname= uid=0 euid)][UserSearch=(authentication failure)];[Topic=rtms-stream-mylogs][MessageFound=(am_unix(sshd:auth): authentication failure logname= uid=0 euid)][UserSearch=(authentication failure)];[Topic=rtms-stream-mylogs][MessageFound=(am_unix(sshd:auth): authentication failure logname= uid=0 euid)][UserSearch=(authentication failure)];[Topic=rtms-stream-mylogs][MessageFound=(am_unix(sshd:auth): authentication failure logname= uid=0 euid)][UserSearch=(authentication failure)];[Topic=rtms-stream-mylogs][MessageFound=(am_unix(sshd:auth): authentication failure logname= uid=0 euid)][UserSearch=(authentication failure)];[Topic=rtms-stream-mylogs][MessageFound=(am_unix(sshd:auth): authentication failure logname= uid=0 euid)][UserSearch=(authentication failure)];[Topic=rtms-stream-mylogs][MessageFound=(am_unix(sshd:auth): authentication failure logname= uid=0 euid)][UserSearch=(authentication failure)];[Topic=rtms-stream-mylogs][MessageFound=(am_unix(sshd:auth): authentication failure logname= uid=0 euid)][UserSearch=(authentication failure)];[Topic=rtms-stream-mylogs][MessageFound=(am_unix(sshd:auth): authentication failure logname= uid=0 euid)][UserSearch=(authentication failure)];[Topic=rtms-stream-mylogs][MessageFound=(am_unix(sshd:auth): authentication failure logname= uid=0 euid)][UserSearch=(authentication failure)];[Topic=rtms-stream-mylogs][MessageFound=(am_unix(sshd:auth): authentication failure logname= uid=0 euid)][UserSearch=(authentication failure)];[Topic=rtms-stream-mylogs][MessageFound=(am_unix(sshd:auth): authentication failure logname= uid=0 euid)][UserSearch=(authentication failure)];[Topic=rtms-stream-mylogs][MessageFound=(am_unix(sshd:auth): authentication failure logname= uid=0 euid)][UserSearch=(authentication failure)];[Topic=rtms-stream-mylogs][MessageFound=(am_unix(sshd:auth): authentication failure logname= uid=0 euid)][UserSearch=(authentication failure)];[Topic=rtms-stream-mylogs][MessageFound=(am_unix(sshd:auth): authentication failure logname= uid=0 euid)][UserSearch=(authentication failure)];[Topic=rtms-stream-mylogs][MessageFound=(am_unix(sshd:auth): authentication failure logname= uid=0 euid)][UserSearch=(authentication failure)];[Topic=rtms-stream-mylogs][MessageFound=(am_unix(sshd:auth): authentication failure logname= uid=0 euid)][UserSearch=(authentication failure)];[Topic=rtms-stream-mylogs][MessageFound=(am_unix(sshd:auth): authentication failure logname= uid=0 euid)][UserSearch=(authentication failure)];[Topic=rtms-stream-mylogs][MessageFound=(am_unix(sshd:auth): authentication failure logname= uid=0 euid)][UserSearch=(authentication failure)];,0:1635802;0:1635803;0:1635804;0:1635805;0:1635806;0:1635807;0:1635808;0:1635809;0:1635810;0:1635811;0:1635812;0:1635813;0:1635814;0:1635815;0:1635816;0:1635817;0:1635818;0:1635819;0:1635820;0:1635821;0:1635822;0:1635823;0:1635824;0:1635825;0:1635826;0:1635827;0:1635828;0:1635829;0:1635830;0:1635831;0:1635832;0:1635833;0:1635834;0:1635835;0:1635836;0:1635837;0:1635838;0:1635839;0:1635840;0:1635841;0:1635842;0:1635843;0:1635844;0:1635845;0:1635846;0:1635847;0:1635848;0:1635849;0:1635850;0:1635851;,{9,6.26}
0.00,0.00,na,,{9,6.26}
0.00,0.00,na,,{9,6.26}
0.00,0.00,na,,{9,6.26}
0.00,0.00,na,,{9,6.26}
0.00,0.00,na,,{9,6.26}
0.00,0.00,na,,{9,6.26}
0.00,0.00,na,,{9,6.26}
1.00,50.00,[Topic=rtms-stream-mylogs][MessageFound=(am_unix(sshd:auth): authentication failure logname= uid=0 euid)][UserSearch=(authentication failure)];[Topic=rtms-stream-mylogs][MessageFound=(am_unix(sshd:auth): authentication failure logname= uid=0 euid)][UserSearch=(authentication failure)];[Topic=rtms-stream-mylogs][MessageFound=(am_unix(sshd:auth): authentication failure logname= uid=0 euid)][UserSearch=(authentication failure)];[Topic=rtms-stream-mylogs][MessageFound=(am_unix(sshd:auth): authentication failure logname= uid=0 euid)][UserSearch=(authentication failure)];[Topic=rtms-stream-mylogs][MessageFound=(am_unix(sshd:auth): authentication failure logname= uid=0 euid)][UserSearch=(authentication failure)];[Topic=rtms-stream-mylogs][MessageFound=(am_unix(sshd:auth): authentication failure logname= uid=0 euid)][UserSearch=(authentication failure)];[Topic=rtms-stream-mylogs][MessageFound=(am_unix(sshd:auth): authentication failure logname= uid=0 euid)][UserSearch=(authentication failure)];[Topic=rtms-stream-mylogs][MessageFound=(authentication failure logname= uid=0 euid)][UserSearch=(authentication failure)];[Topic=rtms-stream-mylogs][MessageFound=(am_unix(sshd:auth): authentication failure logname= uid=0 euid)][UserSearch=(authentication failure)];[Topic=rtms-stream-mylogs][MessageFound=(am_unix(sshd:auth): authentication failure logname= uid=0 euid)][UserSearch=(authentication failure)];[Topic=rtms-stream-mylogs][MessageFound=(am_unix(sshd:auth): authentication failure logname= uid=0 euid)][UserSearch=(authentication failure)];[Topic=rtms-stream-mylogs][MessageFound=(am_unix(sshd:auth): authentication failure logname= uid=0 euid)][UserSearch=(authentication failure)];[Topic=rtms-stream-mylogs][MessageFound=(onnecting: too many authentication failures for admin preauth)][UserSearch=(authentication failure)];[Topic=rtms-stream-mylogs][MessageFound=(am_unix(sshd:auth): authentication failure logname= uid=0 euid)][UserSearch=(authentication failure)];[Topic=rtms-stream-mylogs][MessageFound=(am_unix(sshd:auth): authentication failure logname= uid=0 euid)][UserSearch=(authentication failure)];[Topic=rtms-stream-mylogs][MessageFound=(am_unix(sshd:auth): authentication failure logname= uid=0 euid)][UserSearch=(authentication failure)];[Topic=rtms-stream-mylogs][MessageFound=(am_unix(sshd:auth): authentication failure logname= uid=0 euid)][UserSearch=(authentication failure)];[Topic=rtms-stream-mylogs][MessageFound=(am_unix(sshd:auth): authentication failure logname= uid=0 euid)][UserSearch=(authentication failure)];[Topic=rtms-stream-mylogs][MessageFound=(am_unix(sshd:auth): authentication failure logname= uid=0 euid)][UserSearch=(authentication failure)];[Topic=rtms-stream-mylogs][MessageFound=(am_unix(sshd:auth): authentication failure logname= uid=0 euid)][UserSearch=(authentication failure)];[Topic=rtms-stream-mylogs][MessageFound=(am_unix(sshd:auth): authentication failure logname= uid=0 euid)][UserSearch=(authentication failure)];[Topic=rtms-stream-mylogs][MessageFound=(am_unix(sshd:auth): authentication failure logname= uid=0 euid)][UserSearch=(authentication failure)];[Topic=rtms-stream-mylogs][MessageFound=(am_unix(sshd:auth): authentication failure logname= uid=0 euid)][UserSearch=(authentication failure)];[Topic=rtms-stream-mylogs][MessageFound=(am_unix(sshd:auth): authentication failure logname= uid=0 euid)][UserSearch=(authentication failure)];[Topic=rtms-stream-mylogs][MessageFound=(am_unix(sshd:auth): authentication failure logname= uid=0 euid)][UserSearch=(authentication failure)];[Topic=rtms-stream-mylogs][MessageFound=(am_unix(sshd:auth): authentication failure logname= uid=0 euid)][UserSearch=(authentication failure)];[Topic=rtms-stream-mylogs][MessageFound=(am_unix(sshd:auth): authentication failure logname= uid=0 euid)][UserSearch=(authentication failure)];[Topic=rtms-stream-mylogs][MessageFound=(am_unix(sshd:auth): authentication failure logname= uid=0 euid)][UserSearch=(authentication failure)];[Topic=rtms-stream-mylogs][MessageFound=(am_unix(sshd:auth): authentication failure logname= uid=0 euid)][UserSearch=(authentication failure)];[Topic=rtms-stream-mylogs][MessageFound=(am_unix(sshd:auth): authentication failure logname= uid=0 euid)][UserSearch=(authentication failure)];[Topic=rtms-stream-mylogs][MessageFound=(am_unix(sshd:auth): authentication failure logname= uid=0 euid)][UserSearch=(authentication failure)];[Topic=rtms-stream-mylogs][MessageFound=(am_unix(sshd:auth): authentication failure logname= uid=0 euid)][UserSearch=(authentication failure)];[Topic=rtms-stream-mylogs][MessageFound=(am_unix(sshd:auth): authentication failure logname= uid=0 euid)][UserSearch=(authentication failure)];[Topic=rtms-stream-mylogs][MessageFound=(am_unix(sshd:auth): authentication failure logname= uid=0 euid)][UserSearch=(authentication failure)];[Topic=rtms-stream-mylogs][MessageFound=(am_unix(sshd:auth): authentication failure logname= uid=0 euid)][UserSearch=(authentication failure)];[Topic=rtms-stream-mylogs][MessageFound=(am_unix(sshd:auth): authentication failure logname= uid=0 euid)][UserSearch=(authentication failure)];[Topic=rtms-stream-mylogs][MessageFound=(am_unix(sshd:auth): authentication failure logname= uid=0 euid)][UserSearch=(authentication failure)];[Topic=rtms-stream-mylogs][MessageFound=(am_unix(sshd:auth): authentication failure logname= uid=0 euid)][UserSearch=(authentication failure)];[Topic=rtms-stream-mylogs][MessageFound=(am_unix(sshd:auth): authentication failure logname= uid=0 euid)][UserSearch=(authentication failure)];[Topic=rtms-stream-mylogs][MessageFound=(am_unix(sshd:auth): authentication failure logname= uid=0 euid)][UserSearch=(authentication failure)];[Topic=rtms-stream-mylogs][MessageFound=(am_unix(sshd:auth): authentication failure logname= uid=0 euid)][UserSearch=(authentication failure)];[Topic=rtms-stream-mylogs][MessageFound=(am_unix(sshd:auth): authentication failure logname= uid=0 euid)][UserSearch=(authentication failure)];[Topic=rtms-stream-mylogs][MessageFound=(am_unix(sshd:auth): authentication failure logname= uid=0 euid)][UserSearch=(authentication failure)];[Topic=rtms-stream-mylogs][MessageFound=(am_unix(sshd:auth): authentication failure logname= uid=0 euid)][UserSearch=(authentication failure)];[Topic=rtms-stream-mylogs][MessageFound=(am_unix(sshd:auth): authentication failure logname= uid=0 euid)][UserSearch=(authentication failure)];[Topic=rtms-stream-mylogs][MessageFound=(am_unix(sshd:auth): authentication failure logname= uid=0 euid)][UserSearch=(authentication failure)];[Topic=rtms-stream-mylogs][MessageFound=(am_unix(sshd:auth): authentication failure logname= uid=0 euid)][UserSearch=(authentication failure)];[Topic=rtms-stream-mylogs][MessageFound=(am_unix(sshd:auth): authentication failure logname= uid=0 euid)][UserSearch=(authentication failure)];[Topic=rtms-stream-mylogs][MessageFound=(am_unix(sshd:auth): authentication failure logname= uid=0 euid)][UserSearch=(authentication failure)];[Topic=rtms-stream-mylogs][MessageFound=(am_unix(sshd:auth): authentication failure logname= uid=0 euid)][UserSearch=(authentication failure)];,0:1636205;0:1636206;0:1636207;0:1636208;0:1636209;0:1636210;0:1636211;0:1636212;0:1636213;0:1636214;0:1636215;0:1636216;0:1636217;0:1636218;0:1636219;0:1636220;0:1636221;0:1636222;0:1636223;0:1636224;0:1636225;0:1636226;0:1636227;0:1636228;0:1636229;0:1636230;0:1636231;0:1636232;0:1636233;0:1636234;0:1636235;0:1636236;0:1636237;0:1636238;0:1636239;0:1636240;0:1636241;0:1636242;0:1636243;0:1636244;0:1636245;0:1636246;0:1636247;0:1636248;0:1636249;0:1636250;0:1636251;0:1636252;0:1636253;0:1636254;,{9,6.26}
0.00,0.00,na,,{9,6.26}
0.00,0.00,na,,{9,6.26}
0.00,0.00,na,,{9,6.26}
0.00,0.00,na,,{9,6.26}
0.00,0.00,na,,{9,6.26}
0.00,0.00,na,,{9,6.26}
0.00,0.00,na,,{9,6.26}
0.00,0.00,na,,{9,6.26}
0.00,0.00,na,,{9,6.26}
0.00,0.00,na,,{9,6.26}
1.00,50.00,[Topic=rtms-stream-mylogs][MessageFound=(am_unix(sshd:auth): authentication failure logname= uid=0 euid)][UserSearch=(authentication failure)];[Topic=rtms-stream-mylogs][MessageFound=(am_unix(sshd:auth): authentication failure logname= uid=0 euid)][UserSearch=(authentication failure)];[Topic=rtms-stream-mylogs][MessageFound=(am_unix(sshd:auth): authentication failure logname= uid=0 euid)][UserSearch=(authentication failure)];[Topic=rtms-stream-mylogs][MessageFound=(am_unix(sshd:auth): authentication failure logname= uid=0 euid)][UserSearch=(authentication failure)];[Topic=rtms-stream-mylogs][MessageFound=(am_unix(sshd:auth): authentication failure logname= uid=0 euid)][UserSearch=(authentication failure)];[Topic=rtms-stream-mylogs][MessageFound=(am_unix(sshd:auth): authentication failure logname= uid=0 euid)][UserSearch=(authentication failure)];[Topic=rtms-stream-mylogs][MessageFound=(am_unix(sshd:auth): authentication failure logname= uid=0 euid)][UserSearch=(authentication failure)];[Topic=rtms-stream-mylogs][MessageFound=(authentication failure logname= uid=0 euid)][UserSearch=(authentication failure)];[Topic=rtms-stream-mylogs][MessageFound=(am_unix(sshd:auth): authentication failure logname= uid=0 euid)][UserSearch=(authentication failure)];[Topic=rtms-stream-mylogs][MessageFound=(am_unix(sshd:auth): authentication failure logname= uid=0 euid)][UserSearch=(authentication failure)];[Topic=rtms-stream-mylogs][MessageFound=(am_unix(sshd:auth): authentication failure logname= uid=0 euid)][UserSearch=(authentication failure)];[Topic=rtms-stream-mylogs][MessageFound=(am_unix(sshd:auth): authentication failure logname= uid=0 euid)][UserSearch=(authentication failure)];[Topic=rtms-stream-mylogs][MessageFound=(onnecting: too many authentication failures for admin preauth)][UserSearch=(authentication failure)];[Topic=rtms-stream-mylogs][MessageFound=(am_unix(sshd:auth): authentication failure logname= uid=0 euid)][UserSearch=(authentication failure)];[Topic=rtms-stream-mylogs][MessageFound=(am_unix(sshd:auth): authentication failure logname= uid=0 euid)][UserSearch=(authentication failure)];[Topic=rtms-stream-mylogs][MessageFound=(am_unix(sshd:auth): authentication failure logname= uid=0 euid)][UserSearch=(authentication failure)];[Topic=rtms-stream-mylogs][MessageFound=(am_unix(sshd:auth): authentication failure logname= uid=0 euid)][UserSearch=(authentication failure)];[Topic=rtms-stream-mylogs][MessageFound=(am_unix(sshd:auth): authentication failure logname= uid=0 euid)][UserSearch=(authentication failure)];[Topic=rtms-stream-mylogs][MessageFound=(am_unix(sshd:auth): authentication failure logname= uid=0 euid)][UserSearch=(authentication failure)];[Topic=rtms-stream-mylogs][MessageFound=(am_unix(sshd:auth): authentication failure logname= uid=0 euid)][UserSearch=(authentication failure)];[Topic=rtms-stream-mylogs][MessageFound=(am_unix(sshd:auth): authentication failure logname= uid=0 euid)][UserSearch=(authentication failure)];[Topic=rtms-stream-mylogs][MessageFound=(am_unix(sshd:auth): authentication failure logname= uid=0 euid)][UserSearch=(authentication failure)];[Topic=rtms-stream-mylogs][MessageFound=(am_unix(sshd:auth): authentication failure logname= uid=0 euid)][UserSearch=(authentication failure)];[Topic=rtms-stream-mylogs][MessageFound=(am_unix(sshd:auth): authentication failure logname= uid=0 euid)][UserSearch=(authentication failure)];[Topic=rtms-stream-mylogs][MessageFound=(am_unix(sshd:auth): authentication failure logname= uid=0 euid)][UserSearch=(authentication failure)];[Topic=rtms-stream-mylogs][MessageFound=(am_unix(sshd:auth): authentication failure logname= uid=0 euid)][UserSearch=(authentication failure)];[Topic=rtms-stream-mylogs][MessageFound=(am_unix(sshd:auth): authentication failure logname= uid=0 euid)][UserSearch=(authentication failure)];[Topic=rtms-stream-mylogs][MessageFound=(am_unix(sshd:auth): authentication failure logname= uid=0 euid)][UserSearch=(authentication failure)];[Topic=rtms-stream-mylogs][MessageFound=(am_unix(sshd:auth): authentication failure logname= uid=0 euid)][UserSearch=(authentication failure)];[Topic=rtms-stream-mylogs][MessageFound=(am_unix(sshd:auth): authentication failure logname= uid=0 euid)][UserSearch=(authentication failure)];[Topic=rtms-stream-mylogs][MessageFound=(am_unix(sshd:auth): authentication failure logname= uid=0 euid)][UserSearch=(authentication failure)];[Topic=rtms-stream-mylogs][MessageFound=(am_unix(sshd:auth): authentication failure logname= uid=0 euid)][UserSearch=(authentication failure)];[Topic=rtms-stream-mylogs][MessageFound=(am_unix(sshd:auth): authentication failure logname= uid=0 euid)][UserSearch=(authentication failure)];[Topic=rtms-stream-mylogs][MessageFound=(am_unix(sshd:auth): authentication failure logname= uid=0 euid)][UserSearch=(authentication failure)];[Topic=rtms-stream-mylogs][MessageFound=(am_unix(sshd:auth): authentication failure logname= uid=0 euid)][UserSearch=(authentication failure)];[Topic=rtms-stream-mylogs][MessageFound=(am_unix(sshd:auth): authentication failure logname= uid=0 euid)][UserSearch=(authentication failure)];[Topic=rtms-stream-mylogs][MessageFound=(am_unix(sshd:auth): authentication failure logname= uid=0 euid)][UserSearch=(authentication failure)];[Topic=rtms-stream-mylogs][MessageFound=(am_unix(sshd:auth): authentication failure logname= uid=0 euid)][UserSearch=(authentication failure)];[Topic=rtms-stream-mylogs][MessageFound=(am_unix(sshd:auth): authentication failure logname= uid=0 euid)][UserSearch=(authentication failure)];[Topic=rtms-stream-mylogs][MessageFound=(am_unix(sshd:auth): authentication failure logname= uid=0 euid)][UserSearch=(authentication failure)];[Topic=rtms-stream-mylogs][MessageFound=(am_unix(sshd:auth): authentication failure logname= uid=0 euid)][UserSearch=(authentication failure)];[Topic=rtms-stream-mylogs][MessageFound=(am_unix(sshd:auth): authentication failure logname= uid=0 euid)][UserSearch=(authentication failure)];[Topic=rtms-stream-mylogs][MessageFound=(am_unix(sshd:auth): authentication failure logname= uid=0 euid)][UserSearch=(authentication failure)];[Topic=rtms-stream-mylogs][MessageFound=(am_unix(sshd:auth): authentication failure logname= uid=0 euid)][UserSearch=(authentication failure)];[Topic=rtms-stream-mylogs][MessageFound=(am_unix(sshd:auth): authentication failure logname= uid=0 euid)][UserSearch=(authentication failure)];[Topic=rtms-stream-mylogs][MessageFound=(am_unix(sshd:auth): authentication failure logname= uid=0 euid)][UserSearch=(authentication failure)];[Topic=rtms-stream-mylogs][MessageFound=(am_unix(sshd:auth): authentication failure logname= uid=0 euid)][UserSearch=(authentication failure)];[Topic=rtms-stream-mylogs][MessageFound=(am_unix(sshd:auth): authentication failure logname= uid=0 euid)][UserSearch=(authentication failure)];[Topic=rtms-stream-mylogs][MessageFound=(am_unix(sshd:auth): authentication failure logname= uid=0 euid)][UserSearch=(authentication failure)];[Topic=rtms-stream-mylogs][MessageFound=(am_unix(sshd:auth): authentication failure logname= uid=0 euid)][UserSearch=(authentication failure)];,0:1636578;0:1636579;0:1636580;0:1636581;0:1636582;0:1636583;0:1636584;0:1636585;0:1636586;0:1636587;0:1636588;0:1636589;0:1636590;0:1636591;0:1636592;0:1636593;0:1636594;0:1636595;0:1636596;0:1636597;0:1636598;0:1636599;0:1636600;0:1636601;0:1636602;0:1636603;0:1636604;0:1636605;0:1636606;0:1636607;0:1636608;0:1636609;0:1636610;0:1636611;0:1636612;0:1636613;0:1636614;0:1636615;0:1636616;0:1636617;0:1636618;0:1636619;0:1636620;0:1636621;0:1636622;0:1636623;0:1636624;0:1636625;0:1636626;0:1636627;,{9,6.26}
